Repository,User Link
Arthurx952/CoinBase-Wallet-Python-API-Wallet-Storage-Web-Browser-Multi-Crypto-Secure-Gui,Ruskows
HedgeEdge/CoiNY,HedgeEdge
Jackcoldtd2/Phantom-Wallet-Connect-Web3-Api-Sdk-Geteway-Solona,Ruskows
scriptershub/TetherCryptocurrency,nectariferous
BritishJuns8/SafePal-Wallet-Web-Browser-Multi-Crypto-Secure-Gui-Multi-Coin-Storage,Ruskows
Leoo-993/Juno-Binance-Trade-Bot-Automated-Cryptocurrency-Margin-Algorithmic,Ruskows
Leoo-993/Vela-CoinSwap-Telegram-Bot-Sniper-Crypto-Coins-Bitecoin-BCH,Ruskows
Leoo-993/Krux-Binance-Trading-Bot-Futures-Crypto-Coins-Volatility,Ruskows
LilacEnyur5/Electrum-Wallet-Multi-Crypto-Secure-Gui-Multi-Coin-Storage-Web-Browser,Ruskows
naynaingoo2003/CryptoPriceList,naynaingoo2003
autonomys/subspace,DaMandal0rian
autonomys/subspace,dastansam
autonomys/subspace,teor2345
autonomys/subspace,nazar-pc
autonomys/subspace,dariolina
autonomys/subspace,NingLin-P
MirrorJohn/Ai-Crypto-Trading-Bot-Automated-Bitcoin-Cryptocurrency,Ruskows
Leoo-993/Zyra-Crypto-Wallet-Mnemonic-Seed-Phrase-Balance-Checker,Ruskows
Leoo-993/Cryptocurrency-eCommerce-Crypto-Payment-Api-Blockchain-Network,Ruskows
Leoo-993/Qwik-CoinSwapAi-Sniper-Bot-Crypto-Coins-Bitecoin-BCH,Ruskows
StupMain/Bitcoin-Auto-Withdraw,Ruskows
stevenyu253436/GSG-Wallet,stevenyu253436
OROSHT/TRON-Telegram-Bot-TRX-Bot,Ruskows
OROSHT/Telegram-CrystalPay-SEO-Bot,Ruskows
trezor/trezor-suite,trezor-ci
trezor/trezor-suite,karliatto
trezor/trezor-suite,vytick
trezor/trezor-suite,PeKne
trezor/trezor-suite,Lemonexe
trezor/trezor-suite,mroz22
trezor/trezor-suite,salax
trezor/trezor-suite,komret
trezor/trezor-suite,marekrjpolak
trezor/trezor-suite,grdddj
trezor/trezor-suite,peter-sanderson
trezor/trezor-suite,Hannsek
trezor/trezor-suite,STew790
trezor/trezor-suite,jvaclavik
trezor/trezor-suite,adderpositive
trezor/trezor-suite,adamhavel
trezor/trezor-suite,martykan
trezor/trezor-suite,szymonlesisz
trezor/trezor-suite,ericvalcik
trezor/trezor-suite,Nodonisko
trezor/trezor-suite,FreeWall
trezor/trezor-suite,tomasklim
trezor/trezor-suite,enjojoy
trezor/trezor-suite,dev-pvl
trezor/trezor-suite,MiroslavProchazka
trezor/trezor-suite,yanascz
Jackcoldtd2/Phantom-Wallet-Geteway-Solona-Api-Sdk-Connect-Web3,Ruskows
MirrorJohn/Juno-Binance-Trade-Bot-Automated-Cryptocurrency-Margin-Algorithmic,Ruskows
Leoo-993/Ai-Crypto-Trading-Bot-Automated-Bitcoin-Cryptocurrency,Ruskows
LilacEnyur5/Coinomi-Wallet-API-Wallet-Storage-Web-Browser-Multi-Crypto-SDK-Multi-Coin-Storage,Ruskows
shlavik/sora-qty,shlavik
syncsoftco/tickr,syncsoftco
syncsoftco/tickr,actions-user
ccxt/ccxt,carlosmiei
ccxt/ccxt,Dan-krm
ccxt/ccxt,cjh-cao
ccxt/ccxt,ndubel
ccxt/ccxt,ttodua
ccxt/ccxt,sc0Vu
ccxt/ccxt,samgermain
darkrenaissance/darkfi,parazyd
Crypto-Static/Rate,Pymmdrza
fantomstarterio/crypto-prices-cache,github-actions[bot]
ozefe/ozefe,github-actions[bot]
evgrmn/tmatic,evgrmn
evgrmn/tmatic,nikolayromenskiy
yermekulyd/cryptocurrency-tracker-frontend,yermekulyd
c9s/bbgo,bailantaotao
c9s/bbgo,c9s
voidspawner/void.lang,voidspawner
pownedjojo/grid_trading_bot,pownedjojo
asonnino/shamir-bip39,github-actions[bot]
asonnino/shamir-bip39,dependabot[bot]
SoupyzInc/SoupyzInc,actions-user
stealer-backup/Minero,stealer-backup
yermekulyd/cryptocurrency-tracker-backend,yermekulyd
XOXNO/sdk-js,github-actions[bot]
XOXNO/sdk-js,borispoehland
XOXNO/sdk-js,mihaieremia
dk4jo3/abnormal-crypto-volume-alert,dk4jo3
aljazfrancic/stonks-bot,github-actions[bot]
aljazfrancic/stonks-bot,aljazfrancic
pakelcomedy/OpenSea-Art-Showcase,pakelcomedy
cosmos/cosmos-sdk,hieuvubk
cosmos/cosmos-sdk,facundomedica
cosmos/cosmos-sdk,Wukingbow
cosmos/cosmos-sdk,lfz941
cosmos/cosmos-sdk,Teyz
cosmos/cosmos-sdk,tac0turtle
cosmos/cosmos-sdk,julienrbrt
cosmos/cosmos-sdk,huochexizhan
cosmos/cosmos-sdk,testinginprod
cosmos/cosmos-sdk,johnletey
cosmos/cosmos-sdk,JulianToledano
cosmos/cosmos-sdk,alpe
cosmos/cosmos-sdk,aaronc
cosmos/cosmos-sdk,harryMaksim
cosmos/cosmos-sdk,ziscky
cosmos/cosmos-sdk,mmsqe
cosmos/cosmos-sdk,czarcas7ic
cosmos/cosmos-sdk,yihuang
cosmos/cosmos-sdk,tianyeyouyou
cosmos/cosmos-sdk,troian
cosmos/cosmos-sdk,dependabot[bot]
cosmos/cosmos-sdk,beepdeepor
cosmos/cosmos-sdk,AdamKorcz
cosmos/cosmos-sdk,NAIHANU
cosmos/cosmos-sdk,lucaslopezf
cosmos/cosmos-sdk,akhilkumarpilli
cosmos/cosmos-sdk,kocubinski
Pavelkv94/tg-btc-assistant_bot,dependabot[bot]
Pavelkv94/tg-btc-assistant_bot,Pavelkv94
No-Cash-7970/txnDuck,No-Cash-7970
gemwalletcom/core,dependabot[bot]
gemwalletcom/core,gemcoder21
matprime/crypto-autopay,matprime
spences10/c-counter,dependabot[bot]
spences10/c-counter,spences10
trezor/trezor-firmware,ibz
trezor/trezor-firmware,onvej-sl
trezor/trezor-firmware,Hannsek
trezor/trezor-firmware,TychoVrahe
trezor/trezor-firmware,matejcik
trezor/trezor-firmware,dlitz
trezor/trezor-firmware,cepetr
puddingspudding/just-the-dip,puddingspudding
quasar-finance/quasar,dependabot[bot]
Tucsky/aggr,adeacetis
Tucsky/aggr,Tucsky
lightningnetwork/lnd,Roasbeef
lightningnetwork/lnd,ProofOfKeags
lightningnetwork/lnd,ellemouton
thebrumby/HotWalletClaimer,thebrumby
Xeven777/crypto-actions,Xeven777
getmeemaw/meemaw,marceaul
0fajarpurnama0/0fajarpurnama0.github.io,0fajarpurnama0
crypto-crawler/FundingRate,actions-user
schoulten/crypto_scrap,actions-user
invpe/tesselator,invpe
ren3104/pycryptoex,ren3104
frankrichardhall/Nillion-Airdrop-bot,frankrichardhall
Electric-Coin-Company/zashi-android,HonzaR
Electric-Coin-Company/zashi-android,dependabot[bot]
Lumiwealth/lumibot,grzesir
GemWallet/gemwallet-extension,ThibautBremand
GemWallet/gemwallet-extension,FlorianBouron
l1mey112/randomx.js,l1mey112
tradingstrategy-ai/trade-executor,miohtama
tradingstrategy-ai/trade-executor,hieuh25
Adamant-im/adamant-iOS,ArkoselabsDoesNotWork-83842195
Adamant-im/adamant-iOS,StanislavDevIOS
Adamant-im/adamant-iOS,just-software-dev
Rajatg180/cryptoVista,Rajatg180
Peng-Protocol/NFT-Hotswap,ElixExo
o1-labs/docs2,ymekuria
valora-inc/wallet,kathaypacific
valora-inc/wallet,valora-bot
valora-inc/wallet,renovate[bot]
valora-inc/wallet,finnian0826
valora-inc/wallet,satish-ravi
valora-inc/wallet,bakoushin
valora-inc/wallet,valora-bot-crowdin
cedricmoorejr/quantsumore,cedricmoorejr
THREELabs/THREELabs-Stock-Research-Tools,THREELabs
vladtara/cryptocurrency-board,vladtara
TilakRathoure/Cryptify,TilakRathoure
Jayaram7799/cryptoCurrencyTracker,Jayaram7799
toxictoskey/Automated-DEX-Trading-Bot-BEP20-ERC20-SPL-Token,toxictoskey
balancednetwork/balanced-network-interface,hetfly
balancednetwork/balanced-network-interface,swiftcc624
balancednetwork/balanced-network-interface,0xmilktea
VijeshVS/metavault,VijeshVS
freqtrade/freqtrade,xmatthias
freqtrade/freqtrade,robcaulk
freqtrade/freqtrade,dependabot[bot]
freqtrade/freqtrade,jakubikan
freqtrade/freqtrade,xzmeng
AntiScam-Squad/pi-hole,ccris02
opentensor/bittensor,ibraheem-opentensor
Lunexa-Project/Lunexa,Lunexa-Project
TrungNguyen1208/Swiftful-Crypto,TrungNguyen1208
Seboran/ethereum-wallet-generator,renovate[bot]
NibiruChain/nibiru,dependabot[bot]
NibiruChain/nibiru,Unique-Divine
NibiruChain/nibiru,onikonychev
Stanley-Xia/web3wallet,Stanley-Xia
avasdao/nexajs,nyusternie
brio1009/coingraphs,brio1009
emshivam01/coinfusion,emshivam01
lricci58/moneymap,lricci58
gemwalletcom/gem-ios,gemdev111
gemwalletcom/gem-ios,0xh3rman
gemwalletcom/gem-ios,gemcoder21
DeFiCh/ain,Bushstar
DeFiCh/ain,Jouzo
ehicks05/cryptick,ehicks05
iNoles/TopCoinTrack,iNoles
iNoles/TopCoinTrack,renovate[bot]
BlueWallet/BlueWallet,marcosrdz
BlueWallet/BlueWallet,GladosBlueWallet
BlueWallet/BlueWallet,renovate[bot]
ctubio/Krypto-trading-bot,ctubio
ctubio/Krypto-trading-bot,ccc030233
lf-bf/K-Miner,lf-bf
gemwalletcom/gem-android,furenster
Faraazrehan2002/CryptoApp,Faraazrehan2002
macrocosm-os/prompting,bkb2135
macrocosm-os/prompting,dbobrenko
afeez-bolaji/X-Rate,Afeez-Ola
afeez-bolaji/X-Rate,afeez-bolaji
Engine-User/Crypto-DB,Engine-User
firmai/financial-machine-learning,github-actions[bot]
InstantWebP2P/appnet.link-controller,sequoiar
YourBitSwift/BitSwift,likhondocs
blockchain/blockchain-wallet-v4-frontend,jjBlockchain
blockchain/blockchain-wallet-v4-frontend,CTucker-BC
mascarenhasneil/Blockchain,mascarenhasneil
mascarenhasneil/Blockchain,dependabot[bot]
EddieKuo723/plot-crypto,actions
XRPLF/xrpl.js,Kassaking7
XRPLF/xrpl.js,dependabot[bot]
XRPLF/xrpl.js,ckeshava
likhonsible/Flash-USDT-Sender,likhonsible
likhonsible/Flash-USDT-Sender,rNLKJA
likhonsible/Flash-USDT-Sender,wangshijun
likhonsible/Flash-USDT-Sender,IAMJulian0
likhonsible/Flash-USDT-Sender,notblink
likhonsible/Flash-USDT-Sender,hansoloalready
likhonsible/Flash-USDT-Sender,minkj1992
likhonsible/Flash-USDT-Sender,HeekangPark
likhonsible/Flash-USDT-Sender,matricola-CognomeNome
likhonsible/Flash-USDT-Sender,youremai
likhonsible/Flash-USDT-Sender,anushkar07
likhonsible/Flash-USDT-Sender,vibhordubey333
likhonsible/Flash-USDT-Sender,hakancelikdev
likhonsible/Flash-USDT-Sender,devtype-blogspot-com
likhonsible/Flash-USDT-Sender,footprinthere
likhonsible/Flash-USDT-Sender,pataraco
likhonsible/Flash-USDT-Sender,benelog
likhonsible/Flash-USDT-Sender,gbrouwer
likhonsible/Flash-USDT-Sender,manishkumarc2c
likhonsible/Flash-USDT-Sender,tstapler
likhonsible/Flash-USDT-Sender,manbing
likhonsible/Flash-USDT-Sender,hdknr
likhonsible/Flash-USDT-Sender,razonyang
likhonsible/Flash-USDT-Sender,ibbles
likhonsible/Flash-USDT-Sender,kevinrue
likhonsible/Flash-USDT-Sender,matthew-brett
likhonsible/Flash-USDT-Sender,benjcunningham
likhonsible/Flash-USDT-Sender,jacksondgmedeiros
likhonsible/Flash-USDT-Sender,neerajdantu
likhonsible/Flash-USDT-Sender,username12
likhonsible/Flash-USDT-Sender,letuan86
likhonsible/Flash-USDT-Sender,picodotdev
likhonsible/Flash-USDT-Sender,chenzhiwei
likhonsible/Flash-USDT-Sender,rpfigueira
likhonsible/Flash-USDT-Sender,Trillobit1
likhonsible/Flash-USDT-Sender,awnishmmg
IntersectMBO/cardano-ledger,teodanciu
IntersectMBO/cardano-ledger,nc6
IntersectMBO/cardano-ledger,Lucsanszky
IntersectMBO/cardano-ledger,aniketd
IntersectMBO/cardano-ledger,Soupstraw
IntersectMBO/cardano-ledger,sgillespie
IntersectMBO/cardano-ledger,lehins
crypto-crawler/crypto-market-metadata,actions-user
autsauce/daily-crypto-data,autsauce
andrecaiado/nestjs-blockchain-txs,andrecaiado
CMU-18656-F24-T8/ArbitrageGainer,Harrilee
o1-labs/zkapp-cli,github-actions[bot]
o1-labs/zkapp-cli,hattyhattington17
OpenBB-finance/OpenBB,piiq
OpenBB-finance/OpenBB,jmaslek
OpenBB-finance/OpenBB,deeleeramone
OpenBB-finance/OpenBB,mmistroni
rapmd73/JackrabbitRelay,rapmd73
decred/dcrd,jrick
tupui/soroban-versioning,dependabot[bot]
tupui/soroban-versioning,tupui
idexio/idex-sdk-js,dileepfrog
idexio/idex-sdk-js,idex-bot
moneymanagerex/moneymanagerex,vomikan
moneymanagerex/moneymanagerex,whalley
moneymanagerex/moneymanagerex,n-stein
renegade-fi/renegade,joeykraut
stellar/go,sreuland
stellar/go,mwtzzz
james-txt/pocketwallet,james-txt
NakamotMatosH/VBA_Text_Encryption_Tool,NakamotMatosH
MetaMask/metamask-docs,ziad-saab
MetaMask/metamask-docs,cedricmagne
MetaMask/metamask-docs,TrofimovAnton85
MetaMask/metamask-docs,Voltmod
MetaMask/metamask-docs,bgravenorst
MetaMask/metamask-docs,aednikanov
MetaMask/metamask-docs,alexandratran
BillyDyball/tickr,BillyDyball
CostiaB/CryptoSage,CostiaB
TonyMckes/dolarve,dependabot[bot]
TonyMckes/dolarve,TonyMckes
ToolGPT/CryptoArbitrage,ToolGPT
XRPLF/rippled,ckeshava
XRPLF/rippled,intelliot
rustaceanrob/kyoto,rustaceanrob
robertleifke/replicant,robertleifke
koinos/koinos-docs,brklyn8900
koinos/koinos-docs,sgerbino
Dikewonsi/Cryptocurrency-Investment-Website-OOP,Dikewonsi
FrozenAssassine/FrozenBlockChain,FrozenAssassine
monero-project/monero,luigi1111
BuyOwnEx/BOEClient,BuyOwnEx
Official-MoonDao/MoonDAO,namedotget
viper-00/cryptopayserver,viper-00
Drakkar-Software/OctoBot-Script,Herklos
exilesprx/xmrig,dependabot[bot]
dave-testaverde/CryptoSpy,dave-testaverde
kryptokrona/hugin-desktop,n9lsjr
Chacoon3/FinnhubDotNet,Chacoon3
monero-project/monero-gui,luigi1111
pnedov/CryptoFinAPI,pnedov
Kava-Labs/kava,drklee3
Kava-Labs/kava,karzak
KLYN74R/KlyntarCore,VladChernenko
mraniki/talkytrend,renovate[bot]
mraniki/talkytrend,mraniki
swara-keny/cryptocurrency-charting-program,swara-keny
mrohrba4/deduncrypto,mrohrba4
utkuozdemir/nvidia_gpu_exporter,zhan9san
utkuozdemir/nvidia_gpu_exporter,squat
utkuozdemir/nvidia_gpu_exporter,utkuozdemir
utkuozdemir/nvidia_gpu_exporter,renovate[bot]
bitcoin-s/bitcoin-s,scala-steward
bitcoin-s/bitcoin-s,Christewart
xelis-project/xelis-explorer,Slixe
xelis-project/xelis-explorer,g45t345rt
avinashreddy1315/CoinWatch,avinashreddy1315
status-im/status-go,Parveshdhull
status-im/status-go,dlipicar
status-im/status-go,jrainville
status-im/status-go,osmaczko
status-im/status-go,saledjenic
status-im/status-go,adklempner
status-im/status-go,antdanchenko
status-im/status-go,qfrank
status-im/status-go,igor-sirotin
portfolio-performance/portfolio,dependabot[bot]
portfolio-performance/portfolio,Nirus2000
Charzy-1/Crypto-exchange-platform,Charzy-1
nguemechieu/investpro,nguemechieu
reservoirprotocol/marketplace-v2,JadenDurnford
trustwallet/wallet-core,satoshiotomakan
bitcoin/bitcoin,achow101
bitcoin/bitcoin,mzumsande
bitcoin/bitcoin,theStack
bitcoin/bitcoin,willcl-ark
bitcoin/bitcoin,laanwj
bitcoin/bitcoin,fjahr
bitcoin/bitcoin,hebasto
bitcoin/bitcoin,fanquake
jfisher8/Diamond-Hands-Crypto-Tracker,jfisher8
adg-0/irma,gomesanael
adg-0/irma,adg-0
masterking32/MasterCryptoFarmBot,AmirhN1382
masterking32/MasterCryptoFarmBot,masterking32
masterking32/MasterCryptoFarmBot,Fy0urM
BittyTax/BittyTax,nanonano
xelis-project/xelis-docs,g45t345rt
husarms/coin-surfer,husarms
ZeusLN/zeus,transifex-integration[bot]
ZeusLN/zeus,kaloudis
ZeusLN/zeus,shubhamkmr04
masterking32/MCF_Blum,masterking32
tiagosiebler/bitget-api,github-actions[bot]
tiagosiebler/bitget-api,tiagosiebler
tiagosiebler/bitget-api,dependabot[bot]
Austine77/SPCOIN,Austine77
RAKESH-PATEL57/talk_with_gemini_web_app,RAKESH-PATEL57
tezos-reward-distributor-organization/tezos-reward-distributor,nicolasochem
Convex-Dev/convex,mikera
dhruvan2006/ocfinance,dhruvan2006
King-04/Crypto-Trading-Analysis-Data-Pipeline,King-04
JKorf/Bitget.Net,Jonnern
JKorf/Bitget.Net,JKorf
nanopay/nanopay.me,anarkrypto
saishmungase/Cryptonite,saishmungase
JKorf/GateIo.Net,JKorf
Ashish020202/CryptoSeed,Ashish020202
onemtwin/Simple-cryptocurrency-,onemtwin
cedelabs/sdk-examples,neeeekitos
RisyDAO/Risy-DAO,theomgdev
haveno-dex/haveno,Jabster28
haveno-dex/haveno,woodser
dashpay/platform,shumkov
dashpay/platform,pauldelucia
dashpay/platform,QuantumExplorer
sebasmezaa/Blum-autoclicker,sebasmezaa
stellar/laboratory,quietbits
isaccanedo/CryptoBar,isaccanedo
vishwakarma-vishal/crypto-watch,Vishal-Golokait
PhPersson/crypto-app,PhPersson
PhPersson/crypto-app,renovate[bot]
leather-io/extension,kyranjamie
leather-io/extension,alexp3y
leather-io/extension,adrianocola
leather-io/extension,alter-eggo
nensikhokhariya/CryptoVibe,nensikhokhariya
cake-tech/cake_wallet,MyEcoria
cake-tech/cake_wallet,MrCyjaneK
cake-tech/cake_wallet,Serhii-Borodenko
cake-tech/cake_wallet,rafael-xmr
cake-tech/cake_wallet,Blazebrain
cake-tech/cake_wallet,OmarHatem28
cake-tech/cake_wallet,fossephate
osslabz/mexc-client,github-actions[bot]
osslabz/mexc-client,dependabot[bot]
chamorin/newton-api-wrapper,chamorin
dogecoin/dogecoin,patricklodder
umkoin/umkoin,vmta
Hardikk1308/hackerspace,Hardikk1308
MinaProtocol/mina,mrmr1993
MinaProtocol/mina,mitschabaude
MinaProtocol/mina,anne-laure-s
MinaProtocol/mina,dkijania
MinaProtocol/mina,joaosreis
btrccts/btrccts,dependabot[bot]
rumos-io/gears,dmvict
rumos-io/gears,joneskm
rumos-io/gears,NYBACHOK
Tritonn204/tnn-miner,Tritonn204
MarcoCiaramella/cpu-web-miner,MarcoCiaramella
Drakkar-Software/OctoBot,GuillaumeDSM
Gorresubbarao/rjs-cp-24-Cryptocurrency-Tracker,Gorresubbarao
byteball/counterstake-bridge,tonyofbyteball
farazmb/Decentralized-StableCoin,farazmb
TallyLintDAO/tallylint,e274426380
TallyLintDAO/tallylint,ydr990318
ckanyemba/blockchain,ckanyemba
xfa98/web3-demo,xfa98
TheLindaProjectInc/Altitude,dependabot[bot]
TheLindaProjectInc/Altitude,nibbles83
MaximilianHagelstam/cryptochimp,dependabot[bot]
JzuvGTI/crypto-game,JzuvGTI
Frogleim/Trade-Bot-Model,Frogleim
quickfix-j/quickfixj,chrjohn
quickfix-j/quickfixj,dependabot[bot]
burakoner/OKX.Api,burakoner
pantunes/exchange-radar,pantunes
jahani/crypto-socket,dependabot[bot]
jahani/crypto-socket,jahani
Visyntro/cryptotracker,papichoolo
Visyntro/cryptotracker,Visyntro
reaudito/shivarthu,amiyatulu
mrtnetwork/blockchain_utils,mrtnetwork
wolfs08/SMSTR,wolfs08
piomin/sample-spring-blockchain,renovate[bot]
ton-blockchain/ton,yungwine
xyzshen/crest_farm,gongdaxia
xyzshen/crest_farm,xyzshen
thrasher-corp/gocryptotrader,thrasher-
thrasher-corp/gocryptotrader,gbjk
thrasher-corp/gocryptotrader,shazbert
BeycanPress/cryptopay-lite,BeycanDeveloper
webb-tools/webb-dapp,yurixander
Web3Auth/Auth,arch1995
layters/testshop,layters
milliorn/cryptocurrency-list,dependabot[bot]
vergecurrency/vergecurrency.com,dependabot[bot]
boris1993/gridcoin-headless-docker,dependabot[bot]
okx/exchain,xiangjianmeng
nyg/dashborg,renovate[bot]
hari-tanguturi/Cryptocurrency-Price-Prediction-Using-Long-Short-Term-Memory-LSTM-,hari-tanguturi
chdencor/CriptoVisualizer-Scraper,chdencor
sariold/Matic-Stone,dependabot[bot]
sariold/Matic-Stone,sariold
studiowebux/unity-cardano-wallet,studiowebux
Fazil-Sh/Volume-bot-Binance,Fazil-Sh
grant-i/CryptoClustering,grant-i
KLYN74R/Web1337,VladChernenko
IOCoin/DIONS,Wizrig
nyg/yield-borg,renovate[bot]
usherlabs/ic-adc,rsoury
nyg/crypto-tools,renovate[bot]
DylanSiegel/sheeplz-crypto-bot,DylanSiegel
redgold-io/redgold,redgold-labs
bennycode/coinbase-pro-node,dependabot[bot]
bicced/ReadmeCryptoPriceChart,github-actions[bot]
LaryStef/CryptoDeal,LaryStef
AliTadlek69/btc-flash-sender,AliTadlek69
nathanael-g-durst/KrakenR,nathanael-g-durst
Cuprate/cuprate,Boog900
Cuprate/cuprate,hinto-janai
betazetadev/flutter-crypto-dashboard,amendezcabrera
AccumulateNetwork/accumulate,firelizzard18
dzenthai/Cryptora-Analyze-Service,dzenthai
xelis-project/xelis-blockchain,Slixe
nerdcash/Nerdbank.Cryptocurrencies,AArnott
nerdcash/Nerdbank.Cryptocurrencies,dependabot[bot]
paymento/paymento-whmcs-plugin,northmz
JKorf/CryptoClients.Net,JKorf
minibolt-guide/minibolt,twofaktor
ZeusLN/zeus-docs,kaloudis
nanocurrency/nano-node,RickiNano
nanocurrency/nano-node,clemahieu
nanocurrency/nano-node,pwojcikdev
taoshidev/proprietary-trading-network,derekawender
taoshidev/proprietary-trading-network,jbonilla-tao
taoshidev/proprietary-trading-network,sli-tao
The-Swarm-Corporation/CryptoAgent,kyegomez
The-Swarm-Corporation/CryptoAgent,invalid-email-address
commune-ai/subspace,DaviPtrs
commune-ai/subspace,Supremesource
commune-ai/subspace,saiintbrisson
JayapriyaKanakarajan/crypto_checker,JayapriyaKanakarajan
Akhilesgiri/Binance-market-data,Akhilesgiri
Dawidsjd/HackYeah2k24,krzysztofKrowka
Dawidsjd/HackYeah2k24,bezoski
Dawidsjd/HackYeah2k24,Dawidsjd
Dawidsjd/HackYeah2k24,Michaluszeq
iguanadex/frontend,styliann-eth
CH6832/blockchain-and-cryptocurrency-simulation,Christoph790244
CH6832/blockchain-and-cryptocurrency-simulation,CH6832
mollybeach/eco-goldy,mollybeach
XternA/bearshare-reward,actions-user
tarangpatil/coin-analyzer,tarangpatil
teferdet/finances,teferdet
Arijitsri/CryptoPlace,Arijitsri
tiagosiebler/bybit-api,github-actions[bot]
tiagosiebler/bybit-api,tiagosiebler
tiagosiebler/bybit-api,JJ-Cro
kaspanet/rusty-kaspa,aspect
kaspanet/rusty-kaspa,biryukovmaxim
michojekunle/scroll-crowdfunding,michojekunle
pallapay/pallapay-php-sdk,pr4palla
status-im/status-mobile,Parveshdhull
status-im/status-mobile,briansztamfater
status-im/status-mobile,alwx
status-im/status-mobile,mohsen-ghafouri
status-im/status-mobile,siddarthkay
status-im/status-mobile,smohamedjavid
status-im/status-mobile,qfrank
status-im/status-mobile,ulisesmac
KintoXYZ/kinto-core,VSBDev
KintoXYZ/kinto-core,rrecuero
KintoXYZ/kinto-core,ylv-io
WordPressBugBounty/plugins-cryptocurrency-price-ticker-widget,sgmurphy
Beacon-Heart/Heart_Beacon,Beacon-Heart
bitrequest/bitrequest.github.io,bitrequest
VladDev-git/CryptoApp,VladDev-git
Rohan11203/TowerOfSol,Rohan11203
canalqb/puzzlebtc,canalqb
lakshya001-AI/CryptoMart,lakshya001-AI
Louis-XWB/Cryptocurrency-Market-AI-Assistant,Louis-XWB
HathorNetwork/hathor-wallet-mobile,alexruzenhack
jamalkhadir/crypto-currents,jamalkhadir
StockSharp/StockSharp,mikasoukhov
mytonwalletorg/mytonwallet,mytonwalletorg
DigitalRuby/ExchangeSharp,v36u
tiagosiebler/bitmart-api,github-actions[bot]
tiagosiebler/bitmart-api,tiagosiebler
TobyCourtis/fiftyonepercent,TobyCourtis
tiagosiebler/binance,github-actions[bot]
tiagosiebler/binance,tiagosiebler
agoralabs-sh/kibisis-web-extension,kieranroneill
agoralabs-sh/kibisis-web-extension,agoralabs-bot
WinoGarcia/CryptoPay,WinoGarcia
WinoGarcia/CryptoPay,kev0n
Coldcard/firmware,scgbckbone
Coldcard/firmware,henrialb
window-ook/mr-cryp-next,window-ook
mybucks-online/app,koko37
WISEPLAT/backtrader_binance,WISEPLAT
yogendrakag/CryptoPriceTracker,yogendrakag
inxy-payments/merchant-sdk,apvalkov
inxy-payments/merchant-sdk,AlexeyHrynko
Plisio/opencart-plugin,timurwcd
peterwilli/EmeraldFund,peterwilli
tahaaleeshaikh/CryptoCurrencyWeb,tahaaleeshaikh
wrm3/CBTrade,wrm3
tiagosiebler/orderbooks,tiagosiebler
syscoin/pali-wallet,lucaslovato
ajay-dhangar/crypto-price-tracker,ajay-dhangar
manideep1428/Web3crypto.ai,manideep1428
kroma-network/tachyon,chokobole
OivyzOtovector/mev-BOT-BNB-ETH,OivyzOtovector
SavAct/App,KevinTuncer
Lobstrco/Vault-Android,silent-grass
khushipatil1523/Crypto-Assignment,khushipatil1523
ngutech21/moksha,ngutech21
barelief/crypto-explorer,barelief
prdsrm/std,prdsrm
yangboz/iStoryBook,yangboz
axone-protocol/docs,dependabot[bot]
axone-protocol/docs,bot-anik
TK-moon/fastcampus_2024_signature_frontend-part10-cryptocurrency,TK-moon
lethabomichelle/cryptocurrency,OmolemoModipane
jesse-ai/jesse,saleh-mir
GaloyMoney/blink,galoybot
GaloyMoney/blink,dependabot[bot]
GaloyMoney/blink,dolcalmi
firebird631/siis-rev,firebird631
orionprotocol/sdk,OlyaKanishcheva
GaborHozleiter/Financial-Dashboard,GaborHozleiter
Anuragbasu039/CryptoCurrencyRoyalApp,Anuragbasu039
kimikomiyashiro/Bizvertex,kimikomiyashiro
btschwertfeger/python-kraken-sdk,dependabot[bot]
btschwertfeger/python-kraken-sdk,btschwertfeger
frankrichardhall/Particle-Pioneer-Testnet-bot,frankrichardhall
kajgm/stocktracker,kajgm
EdgarPsda/crypto-react,EdgarPsda
Xtra-Computing/CryptoTrade,Persdre
anudeep009/CoinWhiz,anudeep009
RajTangadi/Crypto-Price-Tracking-App,RajTangadi
daviddomkar/walue,daviddomkar
klou23/CryptocurrencyBacktester,klou23
iron-fish/ironfish,patnir
iron-fish/ironfish,hughy
iron-fish/ironfish,dguenther
iron-fish/ironfish,mat-if
stacjstaton/CyptoClustering,stacjstaton
aishwaryamensinkai/Top50CryptoTracker,aishwaryamensinkai
bixdigital/impactcoin,bixdigital
nuhkoca/BestCoin,nuhkoca
rumeedgar/crypto-price-api,rumeedgar
metal3d/docker-xmrig,metal3d
hugvilduq/CryptoTwitterPrediction,hugvilduq
FunWithAlbiYT/lucoin_client,xavvvvxd
numerai/example-scripts,ndharasz
nerva-project/RoboNerva,Sn1F3rt
Bit-Barron/cryptotracker,Bit-Barron
asrnyigit/Crypto-Manager,asrnyigit
louisheal/delta-neutral-crypto-backend,louisheal
EncrypteDL/Bybit-WebSocket-Connector,zacksfF
mraniki/tt,renovate[bot]
mraniki/tt,mraniki
rentaflop/rentaflop-miner,dasokol
kibo-money/kibo,drgarlic
Pulsar-Coin/Pulsar-Coin-Cryptocurrency,jasonhilton87
X-Financial-Technologies/Library,amr080
UMARFAROOQAHMAD/Telegram-Bot-for-Live-Cryptocurrency-Data,UMARFAROOQAHMAD
Sn1F3rt/pyxnv,Sn1F3rt
N1ck26/CryptoCurrencyTracker,N1ck26
Iran2001/Crypto-Wallet-Cracker-Download-,Iran2001
Iran2001/Crypto-Wallet-Recovery,Iran2001
ieasycat/CryptoPulse,ieasycat
nikhilsindhu/coinklap-mvp,nikhilsindhu
ayat273/Cryptocurrency-Website,ayat273
Tanujch03/Cryto-Price-Alert,Tanujch03
Aleksandr-Barabanov-DE/crypto-tracker-API,Aleksandr-Barabanov-DE
bitua79/coin-ranking-app,bitua79
tradingstrategy-ai/trading-strategy,miohtama
tmlnv/layer_zero_bridger,tmlnv
BeanTosser/donate-crypto-widget-builder,BeanTosser
Redume/Kekkai,Redume
dashesloaf/Cryptocurrency-Price-Tracker,dashesloaf
plugwages/Cryptocurrency-Trading-Bot,plugwages
Drakkar-Software/OctoBot-Tentacles,GuillaumeDSM
mmgen/mmgen-wallet,mmgen
renuka1918/Cryptocurrency-Price-Analysis-with-Deep-Learning,renuka1918
MauroAndretta/Crypto-Anomaly-Detection,MauroAndretta
VitalikCholan/cryptocurrency-converter,VitalikCholan
0xdroidan/0xdroidan.github.io,i-shivamsoni
KOSASIH/Pi-CryptoConnect,KOSASIH
carlosra0345/Cryptocurrency-Credibility-A-Machine-Learning-Approach-to-Scam-Detection,carlosra0345
JerBouma/FinanceDatabase,actions-user
Joyeaha/NotionCryptoFinanceAutomation,Joyeaha
BdBUC/BLESSED-DEE-BLISS-UNIQUE-COLLECTIONS,BdBUC
ShaileshLearns/CryptoCurrency_Price_Predictor,ShaileshLearns
yoonion/cryptocurrency-mock-investment-Spring-Boot,yoonion
ethanhack24/Crypto-Recovery-Experts,ethanhack24
JKorf/Bitfinex.Net,JKorf
HossainRafi/CryptoSite,HossainRafi
SohamBhole07/Cryptocurrency-Website,SohamBhole07
gurbuzz/Crypto-Sentiment-Analyzer,gurbuzz
lisek75/finance_predictor_app,lisek75
HEUDavid/auto-receive-crypto-pay,HEUDavid
bliotti/charleston-crypto,bliotti
jlopp/lopp.net,jlopp
rakkkkkesh/Binance-Market-Data-WebSocket-Implementation,rakkkkkesh
MaxwellBeals/CrystalisNet,MaxwellBeals
MaxwellBeals/CrystalisNet,ModestBitboard
HighRiskShop/WooCommerce-Crypto-Payment-Gateway,HighRiskShop
BreJyles/CryptoClustering,BreJyles
KendrickBelizaire/BitPulse,KendrickBelizaire
ShubhamChoudharyShubh/PonkeWifHat,ShubhamChoudharyShubh
tin3ga/cryptoDigest,actions-user
sergioxdev1/crypto-tracker-vitejs,sergioxdev1
stellar/js-stellar-sdk,Shaptic
stellar/js-stellar-sdk,BlaineHeffron
stellar/js-stellar-sdk,omahs
Sam120204/Stock_Trading_Reddit,BobZheng00
pin164/CryptoClustering,pin164
koh-gt/ferrite-core,koh-gt
priom-mahatab/Crypto-API-Automation,priom-mahatab
Nault/Nault,dependabot[bot]
Nault/Nault,BlickM
Nault/Nault,jamescoxon
RichardGuedesRib/tharseo_backend,RichardGuedesRib
Bet-Cloak/BetCloak,Bet-Cloak
ArturCore/3MA_Binance,sotula
GoldToothRichards/yampa,GoldToothRichards
davidhellerw/Cryptocurrency_Explorer,davidhellerw
mirak-oracle/COS.org,mirak-oracle
dyceszn/omniFi,dyceszn
MHmi1/smart_crypto_crawler,Mahdijamebozorg
MHmi1/smart_crypto_crawler,MHmi1
DaniilFedotov/ctrade,DaniilFedotov
NitinSemwal2605/CryptoTracker,NitinSemwal2605
Friends-Of-Noso/NosoData-Go,pasichDev
Friends-Of-Noso/NosoData-Go,gcarreno
FacuBustamaante/crypto-compare-react,FacuBustamaante
aslanahmetalp/CryptoWalletExchange,aslanahmetalp
TAHCOINBLOCKCHAIN/tahcoin-blockchain,TAHCOINBLOCKCHAIN
LuluLogics/Agentic-Corporate-Trader-ACT-System,LuluLogics
nino00ch/cryptoCurrency,nino00ch
divyanshu-verma2/Real-Time-Crypto-Tracker-App-for-Market-Insights,divyanshu-verma2
SMelidoni/coinpulse-crypto-app,SMelidoni
AbhrajitGhosh2001/cryptocurrency-analysis,AbhrajitGhosh2001
purpleprotocol/purplecoin,octavonce
AsgarovElchin/Cryptocurrency-App,AsgarovElchin
maldiharyojudanto/matchquest-botjs,maldiharyojudanto
dimpleranapb/CryptoBar,dimpleranapb
developer239/bitcoin-mnemonic-missing-word-recovery,developer239
MUHAMMED-RAMSHAL/CryptoCurrency-API,MUHAMMED-RAMSHAL
ShanedraSingh/Cryptocurrency,ShanedraSingh
deKibi/blum-game-ai-clicker,deKibi
mental32/exchange-orderbook,mental32
Dimitrolito/CryptoGuard,Dimitrolito
VismayMurthy/Analysis_of_Cryptocurrency_Investments,VismayMurthy
Heet852003/trading_bot,Heet852003
jonhan8352/AutonomysNetwork,jonhan8352
CryptoPoint/Cryptocurrency-Beginner-Guide,CryptoPoint
AlexanderGW/yata.bot,AlexanderGW
MrRezoo/crypto-exchange,MrRezoo
cenksari/react-crypto-exchange,cenksari
unhappyben/PearPositionsTracker,unhappyben
codeterrayt/Decentralized-Raffle-System,codeterrayt
sjanel/coincenter,sjanel
TheNewC0der-24/Crypto-Tracker-REACT,TheNewC0der-24
akbansal765/cryptocurrency-watcher,akbansal765
DevDugg/avium-trading,ThePidgeon
3Dpass/threedpass,L3odr0id
PancakeswapPredictBot/Pancakeswap-Predict-Bot,PancakeswapPredictBot
CryptoAiBots/Meme-Token-Hunter-Bot,CryptoAiBots
derogab/coingraph,dependabot[bot]
CryptoDappRun/Cryptocurrency-Paper-Wallet-Generator,CryptoDappRun
AFND-Industries/InfoChange,antbaena
lightsail-network/java-stellar-sdk,overcat
sevtin/coinex,topgamesinc
amiriiw/Coinifo_telegram_bot,amiriiw
ovinokurov/CryptoNews-AI,ovinokurov
amiriiw/coin_crawler,amiriiw
Hawk1430/Cryptocurrency-Website,Hawk1430
universalweb/Network,tomekmarchi
xsux-blip/Analyzing-Dogecoin-and-Shiba-Inu-Prices-with-LSTM-Models,xsux-blip
gmtech-xyz/safe-cex,iam4x
xsux-blip/Cryptocurrency-Price-Prediction-Comparing-Dogecoin-and-Shiba-Inu-Using-Random-Forest-Models,xsux-blip
HarryDulaney/pfolie,HarryDulaney
xsux-blip/Cryptocurrency-Price-Prediction-Comparing-Dogecoin-and-Shiba-Inu-Using-Linear-Regression-Models,xsux-blip
carkod/binbot,carkod
DarkStussy/crypto_checker_bot,DarkStussy
MatthewThePham/cryptocurrency-alerts-fullstack,MatthewThePham
HamzaZaidiX/Cryptoverse,HamzaZaidiX
tradexpertz/Where-To-Get-Flash-Bitcoin-USDT-Flasher,tradexpertz
tradexpertz/Buy-Flash-Bitcoin-USDT-Flasher-Online,tradexpertz
teofiloxyz/bitcoin-risk-and-return,teofiloxyz
blockbee-io/woocommerce-blockbee,arianoangelo
Advaith3600/PowerToys-Run-Currency-Converter,Advaith3600
chartingshow/crypto-firewall,sugarcanehyena
chartingshow/crypto-firewall,summercms
Shrinidhi-KJ/Crypto-Live-Data-Analysis,Shrinidhi-KJ
MohsinAliSolangi/Telegram_Trade_Bot,MohsinAliSolangi
rdcm/coin-board,rdcm
firebird631/siis,firebird631
Arnavary1/Crypto_Web_Project,Arnavary1
Yashodeep45/LIVE-CRYPTO-PRICE-EXTENSION,Yashodeep45
99btyler/portfolio-rebalancing-tool,99btyler
priyansh-narang2308/CryptoCurrencyPriceTracker,priyansh-narang2308
maxgfr/binance-historical,renovate[bot]
oat9002/crypto-notify,github-actions[bot]
oat9002/crypto-notify,oat9002
amratanshu788/Fetching-and-Analyzing-Top-50-Live-Cryptocurrency-Data,amratanshu788
rezasarkhosh/CryptoSentimentClassifier,rezasarkhosh
K413MP3R4/BTCPriceMonitor,K413MP3R4
VighneshVRA/CryptoStream-Real-time-Cryptocurrency-Data-Analysis-,VighneshVRA
coderomm/Xolana,coderomm
AyushKumarVujani/CryptoMarketForecaster,AyushKumarVujani
laibe/ratio-gang-cli,laibe
raytsangGitHub/Cryptocurrency,raytsangGitHub
bismuthfoundation/BismuthPlugins,EggPool
cashuwallet/cashuwallet,raugfer
novasamatech/nova-wallet-android,valentunn
onflow/flow-core-contracts,joshuahannan
GeorgeLeithead/LiLo.Lite,GeorgeLeithead
spacemeshos/smcli,fasmat
spacemeshos/smcli,dependabot[bot]
gabriel-TheCode/CryptoMania,gabriel-TheCode
nifemibosun/CryptSafe,nifemibosun
Emilrz/Carnom-Wallet-Cracker,Emilrz
Modyev/Crypto-Address-Clipper,Modyev
Electric-Coin-Company/zashi-ios,LukasKorba
JKorf/CryptoExchange.Net,JKorf
lmsuentptp/4F-Camp-HW,lmsuentptp
Rivskyyy/CryptocurrencyApp,Rivskyyy
holyblock/crypto-trading-bot,holyblock
brainbox001/broker_site,brainbox001
tanukibox/tanukeys,javierparadadev
minotaur-ergo/minotaur-wallet,vorujack
mlalma/tentofi,mlalma
consenlabs/token-core-monorepo,XuNeal
consenlabs/token-core-monorepo,xiaoguang1010
ajaysharma1998/CryptoCurrency-Tracker,ajaysharma1998
JKorf/OKX.Net,JKorf
JKorf/Mexc.Net,JKorf
JKorf/Kucoin.Net,JKorf
JKorf/Kraken.Net,JKorf
JKorf/HTX.Net,JKorf
Theatharv31/CryptoCart---Decentralized-E-commerce,Theatharv31
JKorf/CoinGecko.Net,JKorf
JKorf/CoinEx.Net,JKorf
JKorf/Bybit.Net,JKorf
JKorf/BitMart.Net,JKorf
JKorf/Binance.Net,JKorf
rblaine95/docker_monero_xmrig,rblaine95
JKorf/BingX.Net,JKorf
sakshipawar1807/Cryptocurrency-Analysis-Dashboard,sakshipawar1807
blockchain-etl/ethereum-etl-airflow,ememet
blockchain-etl/ethereum-etl-airflow,kome12
DePayFi/web3-payments,0xNe0x1
ACINQ/eclair,pm47
ACINQ/eclair,t-bast
SSameer20/BlockVault,SSameer20
geraked/blum-auto-clicker,geraked
OxFF00FF/Hamster_Mayhem,OxFF00FF
Biglup/cardano-c,AngelCastilloB
Biglup/cardano-c,luisdbianchi
iAnonymous3000/cryptocurrency-wallet-opsec,iAnonymous3000
koko37/mybucks.online-app,koko37
pradeepsaikumar/Blockchain-and-Cryptocurrency-Tracing,pradeepsaikumar
cryptoxpress/crypto-icons,surya758
HuzaifaWatto/Byte-Coin,HuzaifaWatto
bbauska/CS198.1x,bbauska
zzy4086371517/Best-Cryptocurrency,zzy4086371517
saladilakshman/cryptolist,saladilakshman
FernandoEspidio/Scaled-AES-Model,FernandoEspidio
WilfredJudge/How-To-Recover-Lost-Trust-Wallet-Hire-Betafort-Recovery,WilfredJudge
WilfredJudge/HACKER-TO-RECOVER-FUNDS-FROM-CRYPTO-AND-BITCOIN-SCAM-HIRE-BETAFORT-BITCOIN-RECOVERY,WilfredJudge
Invoany/get_exchange_symbols_coingecko,Invoany
mistakia/nano-community,yusufgurdogan
mistakia/nano-community,mistakia
universalbit-dev/gekko-m4-globular-cluster,universalbit-dev
yermakov11/sigma-coin,yermakov11
zcash/orchard,nuttycom
zcash/orchard,str4d
ajarek/next-14-ep-58-cryptocurrency,ajarek
EasyCodeGPT/Blum-Airdrop-Bot,EasyCodeGPT
Racinlol/Telegram-Blum,Racinlol
guifx021/Hamster-Kombat-Stake,guifx021
Yazeed08/Blum-Claimer,Yazeed08
bonfimm/Telegram-Blum,bonfimm
Shrinjita/Cryptocurrency-Blog,Shrinjita
nextu1337/xnogate,nextu1337
universal-credit-system/wallet,universal-credit-system
gappeah/exodus_analysis,gappeah
XRPLF/xrpl-py,dependabot[bot]
XRPLF/xrpl-py,ckeshava
EncrypteDL/EDL-TradeBot,zacksfF
Shrikant-AI/Cryptoplace,Shrikant-AI
cortega26/crypto-price-tracker,cortega26
MobinaMhr/Cryptocurrency-Course-Projects-S2024,MobinaMhr
gridcat/gridcoin-rpc,gridcat
foxier25/ArtPlace,foxier25
NINEZERN/Crypto-Currencies-App,NINEZERN
dante4rt/sonic-odyssey-bot,dante4rt
dante4rt/sonic-odyssey-bot,mafaman2003
IMAP98/crypto-api,IMAP98
AbirSaha111/DATABANK-Case-Study,AbirSaha111
devdasamale/Crypto_trading_website_blockchain,devdasamale
Topl/Bifrost,scasplte2
preayham/solflip,preayham
rohitmishra0/Cryptocurrency-Maximum-Return-Model,rohitmishra0
Ly4hm/cryptocurrency,Ly4hm
CoinSpace/CoinSpace,nikashitsa
CoinSpace/CoinSpace,mahnunchik
zcash/zips,daira
SolimanBa/Bitcoin-Price-Prediction-Model-using-LSTM,SolimanBa
Tileni97/Cryptocurrency-Tracker,Tileni97
vitelabs/go-vite,AllenLiuxt
rblaine95/docker-polkadot,rblaine95
yadhu98/Booquet--A-Decentralized-Blockchain-for-Event-Ticketing-and-NFTs,yadhu98
rmalvarezkai/ehdtd,rmalvarezkai
ravikumar0612/Cryptocurrency-Price-Alert-System-final,ravikumar0612
coderomm/CryptoKosh,coderomm
sasan-sohrabi/cryptocurrency,sasan-sohrabi
burakbdr/Vegas-Tunnel-Strategy,burakbdr
Zaczero/CBBI,Zaczero
jumankaushik/cryptoverse-app,jumankaushik
epam/TimebaseCryptoConnectors,alex-karpovich
eclipse1482/nanoise,eclipse1482
eclipse1482/nanoise,kopeboy
Yard298292/Seed-Phrase-Checker,Yard298292
thiago1122/Trading-View,thiago1122
Atifullah/cryptocurrency_calculator,Atifullah
IDouble/Customizable-Crypto-Currency-Dashboard-with-Chart,IDouble
IDouble/Market-Overview-Indexes-Forex-Metals-Crypto,IDouble
IDouble/HTML-Crypto-Currency-Chart-Snippets,IDouble
akanand03/Crypto-wallet,akanand03
vacuumlabs/adalite,refi93
eris-coin/ERIS,eris-coin
semperai/arbius,kasumi-1
MyGethubItIs/Exploring-the-Bitcoin-Cryptocurrency-Market,MyGethubItIs
thomasleplus/ethereum,dependabot[bot]
dvarad20/Cryptocurrency-Predictor,dvarad20
tardis-dev/tardis-node,thaaddeus
xxBRAHMOSxx/Fund-me-contract,xxBRAHMOSxx
truham/Blockbase,truham
Larry8668/Cryptocurrency-Investigation-CID,Larry8668
Frenyum-Network/frenyum-node,mefreanzy
nafsilabs/dusa-dart,jwmdev
brenobattaglin/crypto-converter,brenobattaglin
brenobattaglin/crypto-converter,dependabot[bot]
modenero/telr,modenero
Cyfrin/security-and-auditing-full-course-s23,PatrickAlphaC
dparcon/CryptoClustering,dparcon
atruong7-bot/Buff-CUoin-Toy-Cryptocurrency-Project,atruong7-bot
Pruiz05/vue-coingecko,dependabot[bot]
Pruiz05/vue-coingecko,Pruiz05
RENANZG/My-Cryptocurrency,RENANZG
Abdullah9431/Qubit-Coin,Abdullah9431
molly/follow-the-crypto,molly
Adrestus-net/Adrestus,PanagiotisDrakatos
WangRu222/CEX_funding_rate_arbitrage,WangRu222
RishabhSinha100/CRPTOP-PLACE,RishabhSinha100
hamzaimtiaz-20/Cryptocurrency-Price-and-Risk-Analysis,hamzaimtiaz-20
