lottie-react-native ★10415,https://github.com/airbnb/lottie-react-native
react-icomoon,https://github.com/aykutkardas/react-icomoon
react-native-vector-icons ★9985,https://github.com/oblador/react-native-vector-icons
react-native-maps ★8388,https://github.com/lelandrichardson/react-native-maps
react-native-swiper ★6955,https://github.com/leecade/react-native-swiper
react-native-gifted-chat ★6546,https://github.com/FaridSafi/react-native-gifted-chat
react-native-scrollable-tab-view ★5664,https://github.com/brentvatne/react-native-scrollable-tab-view
react-native-image-picker ★4709,https://github.com/marcshilling/react-native-image-picker
react-native-material-kit ★4124,https://github.com/xinthink/react-native-material-kit
react-native-snap-carousel ★3959,https://github.com/archriss/react-native-snap-carousel
react-native-calendars ★3402,https://github.com/wix/react-native-calendars
react-native-ui-kitten ★3140,https://github.com/akveo/react-native-ui-kitten
react-native-svg ★2982,https://github.com/magicismight/react-native-svg
react-native-image-crop-picker ★2736,https://github.com/ivpusic/react-native-image-crop-picker
react-native-splash-screen ★2663,https://github.com/crazycodeboy/react-native-splash-screen
react-native-material-ui ★2536,https://github.com/xotahal/react-native-material-ui
react-native-app-intro ★2433,https://github.com/FuYaoDe/react-native-app-intro
react-native-drawer ★2276,https://github.com/root-two/react-native-drawer
react-native-typography ★2260,https://github.com/hectahertz/react-native-typography
react-native-fast-image ★2240,https://github.com/DylanVann/react-native-fast-image
react-native-blurhash ★105,https://github.com/mrousavy/react-native-blurhash
react-native-paper ★2218,https://github.com/callstack/react-native-paper
react-native-swipeout ★2194,https://github.com/dancormier/react-native-swipeout
react-native-blur ★2172,https://github.com/Kureev/react-native-blur
react-native-progress ★2069,https://github.com/oblador/react-native-progress
react-native-textinput-effects ★2062,https://github.com/halilb/react-native-textinput-effects
react-native-modalbox ★2043,https://github.com/maxs15/react-native-modalbox
react-native-lightbox ★1917,https://github.com/oblador/react-native-lightbox
react-native-action-button ★1762,https://github.com/mastermoo/react-native-action-button
gl-react-native ★1750,https://github.com/ProjectSeptemberInc/gl-react-native
react-native-modal ★1728,https://github.com/react-native-community/react-native-modal
nachos-ui ★1684,https://github.com/avocode/nachos-ui
react-native-mapbox-gl ★1663,https://github.com/mapbox/react-native-mapbox-gl
react-native-foldview ★1616,https://github.com/jmurzy/react-native-foldview
react-native-modern-datepicker ★12,https://github.com/HosseinShabani/react-native-modern-datepicker
react-native-spinkit ★1585,https://github.com/maxs15/react-native-spinkit
react-native-recyclerlist ★1515,https://github.com/Flipkart/recyclerlistview
react-native-parallax-scroll-view ★1486,https://github.com/jaysoo/react-native-parallax-scroll-view
react-native-chart ★1464,https://github.com/onefold/react-native-chart
react-native-gifted-listview ★1443,https://github.com/FaridSafi/react-native-gifted-listview
react-native-datepicker ★1365,https://github.com/xgfe/react-native-datepicker
react-native-viewpager ★1350,https://github.com/race604/react-native-viewpager
react-virgin ★1319,https://github.com/Trixieapp/react-virgin
react-native-easy-grid ★1304,https://github.com/GeekyAnts/react-native-easy-grid
victory-native ★1264,https://github.com/FormidableLabs/victory-native
react-native-picker ★1238,https://github.com/beefe/react-native-picker
react-native-collapsible ★1174,https://github.com/oblador/react-native-collapsible
react-native-icons ★1168,https://github.com/corymsmith/react-native-icons
react-native-orientation ★1162,https://github.com/yamill/react-native-orientation
react-native-tableview ★1105,https://github.com/aksonov/react-native-tableview
react-native-keyboard-spacer ★1103,https://github.com/Andr3wHur5t/react-native-keyboard-spacer
react-native-looped-carousel ★1094,https://github.com/appintheair/react-native-looped-carousel
react-native-circular-progress ★1088,https://github.com/bgryszko/react-native-circular-progress
react-native-popup-dialog ★1088,https://github.com/jacklam718/react-native-popup-dialog
react-native-largelist ★1054,https://github.com/bolan9999/react-native-largelist
react-native-offline ★977,https://github.com/rauliyohmc/react-native-offline
react-native-root-toast ★971,https://github.com/magicismight/react-native-root-toast
react-native-dropdownalert ★894,https://github.com/testshallpass/react-native-dropdownalert
react-native-loading-spinner-overlay ★885,https://github.com/niftylettuce/react-native-loading-spinner-overlay
react-native-tinder-swipe-cards ★881,https://github.com/meteor-factory/react-native-tinder-swipe-cards
react-native-slider ★845,https://github.com/jeanregisser/react-native-slider
react-native-pathjs-charts ★842,https://github.com/capitalone/react-native-pathjs-charts
react-native-flash-message ★810,https://github.com/lucasferreira/react-native-flash-message#readme
react-native-svg-charts ★764,https://github.com/JesperLekland/react-native-svg-charts
react-native-masonry ★758,https://github.com/brh55/react-native-masonry
react-native-credit-card-input ★742,https://github.com/sbycrosz/react-native-credit-card-input
rn-placeholder ★1139,https://github.com/mfrachet/rn-placeholder
action-sheet-rn ★1,https://github.com/mfrachet/action-sheet-rn
react-native-sglistview ★731,https://github.com/sghiassy/react-native-sglistview
react-native-modal-dropdown ★708,https://github.com/sohobloo/react-native-modal-dropdown
react-native-button ★707,https://github.com/ide/react-native-button
react-native-bottom-sheet-behavior ★701,https://github.com/cesardeazevedo/react-native-bottom-sheet-behavior
react-native-tabs ★687,https://github.com/aksonov/react-native-tabs
react-native-search-bar ★671,https://github.com/umhan35/react-native-search-bar
react-native-timeline-listview ★665,https://github.com/thegamenicorus/react-native-timeline-listview
react-native-toastboard,https://github.com/MAKARD/react-native-toastboard
apsl-react-native-button ★653,https://github.com/APSL/react-native-button
react-native-popup-menu ★653,https://github.com/instea/react-native-popup-menu
react-native-qrcode ★644,https://github.com/cssivision/react-native-qrcode
react-native-easy-toast ★616,https://github.com/crazycodeboy/react-native-easy-toast
react-router-native ★612,https://github.com/jmurzy/react-router-native
React Router,https://github.com/reactjs/react-router
react-native-copilot ★595,https://github.com/okgrow/react-native-copilot
react-native-photo-browser ★565,https://github.com/halilb/react-native-photo-browser
react-native-calendar ★559,https://github.com/christopherdro/react-native-calendar
react-native-calendar-events ★510,https://github.com/wmcmahan/react-native-calendar-events
react-native-parsed-text ★552,https://github.com/taskrabbit/react-native-parsed-text
react-native-step-indicator ★538,https://github.com/24ark/react-native-step-indicator
react-native-popover-haobtc ★514,https://github.com/jeanregisser/react-native-popover
react-native-dropdown ★507,https://github.com/alinz/react-native-dropdown
react-native-star-rating ★489,https://github.com/djchie/react-native-star-rating
react-native-rating-element ★8,https://github.com/ui-ninja/react-native-rating-element
react-native-parallax ★479,https://github.com/oblador/react-native-parallax
react-native-sketch ★467,https://github.com/jgrancher/react-native-sketch
react-native-dialogs ★463,https://github.com/aakashns/react-native-dialogs
https://github.com/afollestad/material-dialogs,https://github.com/afollestad/material-dialogs
galio ★458,https://github.com/galio-org/galio
react-native-root-siblings ★452,https://github.com/magicismight/react-native-root-siblings
react-native-size-matters ★436,https://github.com/nirsky/react-native-size-matters
react-native-button-component ★434,https://github.com/jacklam718/react-native-button-component
react-native-super-grid ★434,https://github.com/saleel/react-native-super-grid
react-native-activity-view ★427,https://github.com/naoufal/react-native-activity-view
react-native-canvas ★421,https://github.com/lwansbrough/react-native-canvas
react-native-refresher ★419,https://github.com/syrusakbary/react-native-refresher
react-native-sortable-list ★412,https://github.com/gitim/react-native-sortable-list
react-native-gesture-password ★410,https://github.com/spikef/react-native-gesture-password
react-native-carousel ★406,https://github.com/nick/react-native-carousel
react-native-country-picker-modal ★403,https://github.com/xcarpentier/react-native-country-picker-modal
react-native-radio-buttons ★399,https://github.com/ArnaudRinquin/react-native-radio-buttons
react-native-masked-text ★392,https://github.com/benhurott/react-native-masked-text
react-native-accordion ★390,https://github.com/naoufal/react-native-accordion
react-native-invertible-scroll-view ★388,https://github.com/exponentjs/react-native-invertible-scroll-view
react-native-message-bar ★384,https://github.com/KBLNY/react-native-message-bar
react-native-fit-image ★383,https://github.com/huiseoul/react-native-fit-image
react-native-text-input-mask ★383,https://github.com/ivanzotov/react-native-text-input-mask
react-native-alphabetlistview ★372,https://github.com/sunnylqm/react-native-alphabetlistview
react-native-check-box ★372,https://github.com/crazycodeboy/react-native-check-box
react-native-really-awesome-button ★370,https://github.com/rcaferati/react-native-really-awesome-button
react-native-autocomplete-input ★366,https://github.com/l-urence/react-native-autocomplete-input
react-native-splashscreen ★358,https://github.com/remobile/react-native-splashscreen
react-native-responsive-image ★344,https://github.com/Dharmoslap/react-native-responsive-image
react-native-pdf-view ★338,https://github.com/cnjon/react-native-pdf-view
react-native-image-header-scroll-view ★338,https://github.com/bamlab/react-native-image-header-scroll-view
react-native-toast ★336,https://github.com/remobile/react-native-toast
react-native-modal-picker ★333,https://github.com/d-a-n/react-native-modal-picker
react-native-off-canvas-menu ★327,https://github.com/shoumma/react-native-off-canvas-menu
rn-sliding-up-panel ★321,https://github.com/octopitus/rn-sliding-up-panel
react-native-search-box ★319,https://github.com/crabstudio/react-native-search-box
react-native-parallax-swiper ★315,https://github.com/zachgibson/react-native-parallax-swiper
react-native-gesture-recognizers ★313,https://github.com/johanneslumpe/react-native-gesture-recognizers
react-native-searchbar ★313,https://github.com/localz/react-native-searchbar
react-native-app-auth ★310,https://github.com/FormidableLabs/react-native-app-auth
react-native-circular-action-menu ★305,https://github.com/geremih/react-native-circular-action-menu
react-native-effects-view ★304,https://github.com/voronianski/react-native-effects-view
react-native-root-modal ★304,https://github.com/magicismight/react-native-root-modal
react-native-timeago ★278,https://github.com/TylerLH/react-native-timeago
react-native-grid-view ★276,https://github.com/lucholaf/react-native-grid-view
react-native-md-textinput ★275,https://github.com/evblurbs/react-native-md-textinput
react-native-timer-mixin ★274,https://github.com/reactjs/react-timer-mixin
react-native-tableview-simple ★267,https://github.com/Purii/react-native-tableview-simple
react-native-keyboard-manager ★267,https://github.com/douglasjunior/react-native-keyboard-manager
react-native-tabbar ★261,https://github.com/alinz/react-native-tabbar
react-native-simple-router ★255,https://github.com/react-native-simple-router-community/react-native-simple-router
react-native-cacheable-image ★255,https://github.com/jayesbe/react-native-cacheable-image
react-native-segmented-control-tab ★252,https://github.com/kirankalyan5/react-native-segmented-control-tab
react-native-modal-selector ★249,https://github.com/peacechen/react-native-modal-selector
react-native-keyboardevents ★247,https://github.com/johanneslumpe/react-native-keyboardevents
react-native-multiselect ★246,https://github.com/toystars/react-native-multiple-select
react-native-cardview ★239,https://github.com/Kishanjvaghela/react-native-cardview
react-native-shimmer-placeholder ★231,https://github.com/tomzaku/react-native-shimmer-placeholder
react-native-progress-hud ★228,https://github.com/naoufal/react-native-progress-hud
react-native-qrcode-svg ★228,https://github.com/awesomejerry/react-native-qrcode-svg
react-native-bottom-action-sheet ★226,https://github.com/prscX/react-native-bottom-action-sheet
react-native-awesome-button ★222,https://github.com/larsvinter/react-native-awesome-button
react-native-mobx ★220,https://github.com/aksonov/react-native-mobx
react-native-egg ★220,https://github.com/FuYaoDe/react-native-egg
react-native-progress-bar ★218,https://github.com/lwansbrough/react-native-progress-bar
react-native-tooltip ★217,https://github.com/chirag04/react-native-tooltip
react-native-emoji ★216,https://github.com/jorilallo/react-native-emoji
react-native-image-cache-hoc ★211,https://github.com/billmalarky/react-native-image-cache-hoc
react-native-parallax-scroll ★209,https://github.com/monterosalondon/react-native-parallax-scroll
react-native-shine-button ★205,https://github.com/prscX/react-native-shine-button
autoresponsive-react-native ★201,https://github.com/xudafeng/autoresponsive-react-native
react-native-autolink ★201,https://github.com/joshswan/react-native-autolink
react-native-carousel-control ★199,https://github.com/machadogj/react-native-carousel-control
react-native-picker-select ★199,https://github.com/lawnstarter/react-native-picker-select
react-native-calendar-select ★195,https://github.com/Tinysymphony/react-native-calendar-select
react-native-wheel-picker ★190,https://github.com/lesliesam/react-native-wheel-picker
react-native-grid-component ★188,https://github.com/phil-r/react-native-grid-component
react-native-popover-menu ★188,https://github.com/prscX/react-native-popover-menu
react-native-collapsing-toolbar ★185,https://github.com/cesardeazevedo/react-native-collapsing-toolbar
react-native-pagination ★182,https://github.com/garrettmac/react-native-pagination
react-native-hero ★180,https://github.com/brh55/react-native-hero
react-native-selectme ★178,https://github.com/gs-akhan/react-native-select
react-native-swiper-animated ★176,https://github.com/chitezh/react-native-swiper-animated
react-native-tab ★171,https://github.com/vczero/react-native-tab
react-native-webbrowser ★167,https://github.com/d-a-n/react-native-webbrowser
react-native-autocomplete ★163,https://github.com/nulrich/RCTAutoComplete
react-native-segmented-view ★159,https://github.com/lelandrichardson/react-native-segmented-view
react-native-cache-image ★158,https://github.com/remobile/react-native-cache-image
react-native-pulse-loader ★158,https://github.com/mastermoo/react-native-pulse-loader
stacks ★156,https://github.com/mobily/stacks
react-native-display ★155,https://github.com/sundayhd/react-native-display
RNParallax ★155,https://github.com/kyaroru/RNParallax
react-native-checkbox ★154,https://github.com/sconxu/react-native-checkbox
react-native-phone-input ★154,https://github.com/thegamenicorus/react-native-phone-input
react-native-switch-pro ★153,https://github.com/poberwong/react-native-switch-pro
react-native-popup ★153,https://github.com/beefe/react-native-popup
react-native-radial-menu ★153,https://github.com/omulet/react-native-radial-menu
react-native-gestures ★152,https://github.com/kiddkai/react-native-gestures
react-native-page-control ★151,https://github.com/silentcloud/react-native-page-control
react-native-iconic ★149,https://github.com/prscX/react-native-iconic
react-native-google-place-picker ★148,https://github.com/q6112345/react-native-google-place-picker
react-native-scaling-drawer ★148,https://github.com/melihberberolu/react-native-scaling-drawer
react-native-image-carousel ★148,https://github.com/anvilabs/react-native-image-carousel
react-native-offline-mode ★144,https://github.com/rauchy/react-native-offline-mode
react-native-orientation-listener ★141,https://github.com/walmartreact/react-native-orientation-listener
react-native-multi-slider ★137,https://github.com/JackDanielsAndCode/react-native-multi-slider
react-native-color-picker ★137,https://github.com/instea/react-native-color-picker
react-native-android-statusbar ★135,https://github.com/NishanthShankar/react-native-android-statusbar
react-native-privacy-snapshot ★133,https://github.com/kayla-tech/react-native-privacy-snapshot
react-native-custom-segmented-control ★132,https://github.com/wix/react-native-custom-segmented-control
react-native-map-link ★131,https://github.com/includable/react-native-map-link
react-native-sketch-canvas ★129,https://github.com/terrylinla/react-native-sketch-canvas
react-native-floating-labels ★126,https://github.com/mayank-patel/react-native-floating-labels
react-native-beautiful-video-recorder ★125,https://github.com/phuochau/react-native-beautiful-video-recorder
react-native-cell-components ★125,https://github.com/lodev09/react-native-cell-components
react-native-material-menu ★119,https://github.com/mxck/react-native-material-menu
react-native-bouncy-drawer ★116,https://github.com/SoftZen/react-native-bouncy-drawer
react-native-taptargetview ★114,https://github.com/prscX/react-native-taptargetview
photo-viewer ★114,https://github.com/merryjs/photo-viewer
react-native-switch-selector ★112,https://github.com/App2Sales/react-native-switch-selector
react-native-flexi-radio-button ★111,https://github.com/thegamenicorus/react-native-flexi-radio-button
react-native-triangle ★108,https://github.com/Jpoliachik/react-native-triangle
react-native-viewport-units ★107,https://github.com/jmstout/react-native-viewport-units
react-native-wheel-picker-android ★186,https://github.com/ElekenAgency/ReactNativeWheelPicker
react-native-device-display ★105,https://github.com/kkjdaniel/react-native-display-view
react-native-android-kit ★104,https://github.com/ayoubdev/react-native-android-kit
react-native-fading-slides ★103,https://github.com/chagasaway/react-native-fading-slides
react-native-scl-alert ★102,https://github.com/rafaelmotta/react-native-scl-alert
react-native-card-view ★101,https://github.com/jacklam718/react-native-card-view
react-native-marquee-label ★100,https://github.com/remobile/react-native-marquee-label
react-native-drawer-menu ★97,https://github.com/Tinysymphony/react-native-drawer-menu
react-native-simple-dialogs ★97,https://github.com/douglasjunior/react-native-simple-dialogs
react-native-swipe-a-lot ★96,https://github.com/nickjanssen/react-native-swipe-a-lot
react-native-submit-button ★96,https://github.com/ronak301/react-native-submit-button
react-native-actions-sheet ★94,https://github.com/ammarahm-ed/react-native-actions-sheet
react-native-dialog ★92,https://github.com/mmazzarolo/react-native-dialog
react-native-scrollable-mixin ★91,https://github.com/exponentjs/react-native-scrollable-mixin
react-native-open-maps ★90,https://github.com/brh55/react-native-open-maps
react-native-swiper2 ★86,https://github.com/sunnylqm/react-native-swiper2
react-native-listitem ★86,https://github.com/dancormier/react-native-listitem
react-native-progressive-input ★86,https://github.com/khaiql/react-native-progressive-input
react-native-in-app-notification ★86,https://github.com/robcalcroft/react-native-in-app-notification
react-native-shared-preferences ★85,https://github.com/sriraman/react-native-shared-preferences
react-native-emoji-picker ★85,https://github.com/yonahforst/react-native-emoji-picker
react-native-scalable-image ★85,https://github.com/ihor/react-native-scalable-image
react-native-page-swiper ★83,https://github.com/fixt/react-native-page-swiper
react-native-material-showcase-ios ★81,https://github.com/prscX/react-native-material-showcase-ios
react-native-label-select ★81,https://github.com/Tinysymphony/react-native-label-select
react-native-3dcube-navigation ★80,https://github.com/zehfernandes/react-native-3dcube-navigation
react-native-keyboard-accessory ★80,https://github.com/ardaogulcan/react-native-keyboard-accessory
react-native-draggable-grid ★79,https://github.com/SHISME/react-native-draggable-grid
react-native-textinput-utils ★79,https://github.com/DickyT/react-native-textinput-utils
react-native-idle-timer ★79,https://github.com/marcshilling/react-native-idle-timer
react-native-snackbar-component ★77,https://github.com/SiDevesh/React-Native-SnackBar-Component
react-native-charts ★76,https://github.com/PrazAs/react-native-charts
react-native-android-blurryoverlay ★75,https://github.com/kwaak/react-native-android-blurryoverlay
react-native-calendar-datepicker ★75,https://github.com/vlad-doru/react-native-calendar-datepicker
react-native-scrollview-smart ★75,https://github.com/bolket/react-native-scrollview-smart
react-native-zoom-image ★75,https://github.com/Tinysymphony/react-native-zoom-image
react-native-picker-xg ★74,https://github.com/xgfe/react-native-picker-xg
react-native-status-bar-height ★73,https://github.com/ovr/react-native-status-bar-height
react-native-color-wheel ★72,https://github.com/netbeast/react-native-color-wheel
react-native-scrollview-lazyload ★71,https://github.com/IskenHuang/react-native-scrollview-lazyload
react-native-pure-navigation-bar ★71,https://github.com/gaoxiaosong/react-native-pure-navigation-bar
react-native-material-cards ★70,https://github.com/SiDevesh/React-Native-Material-Cards
react-native-item-cell ★69,https://github.com/APSL/react-native-item-cell
react-native-calendario ★69,https://github.com/maggialejandro/react-native-calendario
react-native-picker-android ★67,https://github.com/beefe/react-native-picker-android
react-native-nested-stylesheet ★67,https://github.com/pjjanak/react-native-nested-stylesheets
react-native-dropdown-android ★65,https://github.com/chymtt/ReactNativeDropdownAndroid
react-native-slot-machine ★65,https://github.com/atlanteh/react-native-slot-machine
react-native-swipeview ★65,https://github.com/rishabhbhatia/react-native-swipeview
react-native-download-button ★64,https://github.com/prscX/react-native-download-button
react-native-siri-wave-view ★64,https://github.com/prscX/react-native-siri-wave-view
react-native-card-media ★63,https://github.com/dondoko-susumu/react-native-card-media
react-native-simple-picker ★62,https://github.com/puredazzle/react-native-simple-picker
react-native-view-pdf ★62,https://github.com/rumax/react-native-PDFView
react-native-touchable-bounce ★62,https://github.com/grabbou/react-native-touchable-bounce
react-native-streetview ★61,https://github.com/nesterapp/react-native-streetview
react-native-thumbnail ★60,https://github.com/phuochau/react-native-thumbnail
react-native-simple-stepper ★60,https://github.com/testshallpass/react-native-simple-stepper
react-native-phone-picker ★58,https://github.com/Spikef/react-native-phone-picker
react-native-infinite-scrollview ★58,https://github.com/baspellis/react-native-infinite-scrollview
react-native-select-multiple  ★58,https://github.com/tableflip/react-native-select-multiple
react-native-easy-content-loader ★57,https://github.com/sarmad1995/react-native-easy-content-loader
react-native-multiple-choice ★57,https://github.com/d-a-n/react-native-multiple-choice
k-react-native-swipe-unlocker ★55,https://github.com/leowang721/k-react-native-swipe-unlocker
react-native-walkthrough-tooltip ★55,https://github.com/CompanyCam/react-native-walkthrough-tooltip
react-native-adbannerview ★52,https://github.com/Purii/react-native-adbannerview
react-native-fxblurview ★52,https://github.com/magus/react-native-fxblurview
react-native-beautiful-image ★52,https://github.com/phuochau/react-native-beautiful-image
react-native-360-image-viewer ★100,https://github.com/phuochau/react-native-360-image-viewer
react-native-fs-modal ★51,https://github.com/kirkness/react-native-fs-modal
react-native-toast-native ★51,https://github.com/onemolegames/react-native-toast-native
react-native-masked-view ★50,https://github.com/gilbox/react-native-masked-view
react-native-md-motion-buttons ★50,https://github.com/zecaptus/react-native-md-motion-buttons
react-native-drop-refresh ★49,https://github.com/Obooman/RCTRefreshControl
react-native-pin-view ★48,https://github.com/talut/react-native-pin-view
react-native-radio-button-classic ★47,https://github.com/pressly/react-native-radio-button-classic
react-native-image-intent ★47,https://github.com/sonnylazuardi/react-native-image-intent
react-native-dial ★47,https://github.com/netbeast/react-native-dial
react-native-date ★46,https://github.com/nucleartux/react-native-date
react-native-draggable-drawer ★46,https://github.com/llanox/react-native-draggable-drawer
react-native-date-picker ★46,https://github.com/henninghall/react-native-date-picker
react-native-message-composer ★45,https://github.com/anarchicknight/react-native-message-composer
react-native-layout ★45,https://github.com/jerolimov/react-native-layout
react-native-touch-visualizer ★45,https://github.com/zachgibson/react-native-touch-visualizer
react-native-calendar-android ★44,https://github.com/chymtt/ReactNativeCalendarAndroid
react-native-air-progress-bar ★44,https://github.com/kis/react-native-air-progress-bar
react-native-full-screen ★44,https://github.com/Anthonyzou/react-native-full-screen
react-native-full-image-picker ★44,https://github.com/gaoxiaosong/react-native-full-image-picker
react-native-viewport ★43,https://github.com/pjjanak/react-native-viewport
react-native-progress-circular ★43,https://github.com/andy9775/React-Native-CircularProgress
react-native-tween-animation ★43,https://github.com/kirkness/react-native-tween-animation
react-native-flanimatedimage ★43,https://github.com/nihgwu/react-native-flanimatedimage
react-native-grading ★43,https://github.com/Tinysymphony/react-native-grading
react-native-auto-typing-text ★43,https://github.com/phuongla/react-native-auto-typing-text
react-native-slack-webhook ★42,https://github.com/xcarpentier/react-native-slack-webhook
react-native-responsive-linechart ★41,https://github.com/N1ghtly/react-native-responsive-linechart
react-native-simpledialog-android ★41,https://github.com/lucasferreira/react-native-simpledialog-android
react-native-toolkit ★41,https://github.com/marty-wang/react-native-toolkit
react-native-draggable-grid ★41,https://github.com/SHISME/react-native-draggable-grid
react-native-sortable-gridview ★4,https://github.com/ge6285790/react-native-sortable-gridview
react-native-elastic-stack ★41,https://github.com/monterosalondon/react-native-elastic-stack
react-native-big-slider ★41,https://github.com/netbeast/react-native-big-slider
rn-render-perfs ★40,https://github.com/mfrachet/rn-render-perfs
react-native-animated-check-mark ★40,https://github.com/AppliKeySolutions/RocketButton
react-native-easy-dnd ★39,https://github.com/mohebifar/react-native-easy-dnd
react-native-fab ★39,https://github.com/SiDevesh/React-Native-FAB
react-native-popupwindow ★38,https://github.com/beefe/react-native-popupwindow
react-native-wheel ★38,https://github.com/shexiaoheng/react-native-wheel
react-native-bar-collapsible ★38,https://github.com/caroaguilar/react-native-bar-collapsible
react-native-circle-view ★37,https://github.com/nucleartux/react-native-circle-view
react-native-slidable-tab-bar ★37,https://github.com/pwbrown/react-native-slidable-tab-bar
react-native-scrollable-decorator ★37,https://github.com/exponentjs/react-native-scrollable-decorator
react-native-circle-checkbox ★37,https://github.com/ParamoshkinAndrew/ReactNativeCircleCheckbox
react-native-newsticker ★35,https://github.com/moschan/react-native-newsticker
react-native-awesome-alert ★35,https://github.com/heyman333/react-native-awesome-alert
react-native-view ★34,https://github.com/i6mi6/react-native-view
react-native-draggable-calendar ★34,https://github.com/SmallStoneSK/react-native-draggable-calendar
react-native-countdown ★33,https://github.com/buhe/react-native-countdown
react-native-dashed-border ★33,https://github.com/chirag04/react-native-dashed-border
react-native-writebox ★33,https://github.com/bdryanovski/react-native-writebox
react-native-ibeacon-simulator ★32,https://github.com/williamtran29/react-native-ibeacon-simulator
react-native-suggester ★32,https://github.com/xcarpentier/react-native-suggester
react-native-photo-grid ★31,https://github.com/christopherabouabdo/react-native-photo-grid
react-native-android-iconify ★30,https://github.com/lwhiteley/react-native-android-iconify
react-native-touchable-set-active ★30,https://github.com/jmstout/react-native-TouchableSetActive
react-native-telephone-input ★30,https://github.com/kundigo/react-native-telephone-input
react-native-nmrangeslider-ios ★29,https://github.com/Enrise/react-native-nmrangeslider-ios
react-native-fade-in-view ★29,https://github.com/robcalcroft/react-native-fade-in-view
react-native-gl-image-filters ★27,https://github.com/GregoryNative/react-native-gl-image-filters
react-native-focus-scroll ★26,https://github.com/c-bata/react-native-focus-scroll
react-native-about-libraries ★26,https://github.com/prscX/react-native-about-libraries
react-native-actionsheet-native ★25,https://github.com/slowpath/react-native-actionsheet
react-native-comparison-slider ★25,https://github.com/charlot567/react-native-comparison-slider
react-native-selectmultiple-button ★25,https://github.com/danceyoung/react-native-selectmultiple-button
react-native-timeline-theme ★25,https://github.com/tomzaku/react-native-timeline-theme
react-native-date-range-picker ★25,https://github.com/lazaronixon/react-native-date-range-picker
react-native-app-intro-v2 ★24,https://github.com/Sh1n1x/react-native-app-intro
react-native-starrating ★24,https://github.com/bluesky0109/react-native-starRating
react-native-echarts-wrapper ★24,https://github.com/tomLadder/react-native-echarts-wrapper
react-native-orientation-controller ★23,https://github.com/inProgress-team/react-native-orientation-controller
react-native-match-media ★23,https://github.com/tuckerconnelly/match-media-mocks
react-native-simple-card-view ★23,https://github.com/talut/react-native-simple-card-view
monalisa-ui ★22,https://github.com/tuantvk/monalisa-ui
react-native-square-view ★22,https://github.com/Shuangzuan/react-native-square-view
react-native-ichart ★22,https://github.com/AdonRain/react-native-ichart
react-native-dropbox-chooser ★21,https://github.com/tinycreative/react-native-dropbox-chooser
react-native-compress ★21,https://github.com/phuochau/react-native-compress
react-native-custom-actionsheet ★21,https://github.com/valerybugakov/react-native-custom-actionsheet
react-native-timepicker ★20,https://github.com/milasevicius/react-native-timepicker
react-native-custom-checkbox ★20,https://github.com/caroaguilar/react-native-custom-checkbox
react-native-tilt ★20,https://github.com/psicotropicos/react-native-tilt
react-native-drawpad ★20,https://github.com/Partido-Asia/react-native-drawpad
rn-ab-hoc ★19,https://github.com/mfrachet/rn-ab-hoc
react-native-expand ★19,https://github.com/hejiaji/react-native-expand
react-native-modal-loader ★19,https://github.com/kdastan/react-native-modal-loader
react-native-images-collage ★19,https://github.com/lukebrandonfarrell/react-native-images-collage
react-native-avatar-gravatar ★18,https://github.com/niborb/react-native-gravatar
react-native-image-modal ★16,https://github.com/dev-yakuza/react-native-image-modal
react-native-notifier ★16,https://github.com/seniv/react-native-notifier
react-native-grid ★15,https://github.com/thewei/react-native-grid
react-native-search ★15,https://github.com/StevenIseki/react-native-search
rn-displayable ★15,https://github.com/mfrachet/rn-displayable
react-native-custom-picker ★15,https://github.com/budiadiono/react-native-custom-picker
react-native-confirmation-code-field ★15,https://github.com/retyui/react-native-confirmation-code-field
react-native-android-circles ★14,https://github.com/kwaak/react-native-android-circles
react-native-anchor-point ★14,https://github.com/sueLan/react-native-anchor-point
react-native-code-verification ★13,https://github.com/danchokobo/react-native-code-verification
react-native-hijri-date-picker ★13,https://github.com/Codelabsys/react-native-hijri-date-picker-android
react-native-imagewand ★13,https://github.com/NorthFoxz/react-native-imagewand
react-native-gravatar ★13,https://github.com/lwhiteley/react-native-gravatar
react-native-rebound-scrollview ★12,https://github.com/jaxchow/react-native-rebound-scrollview
react-native-calculator ★12,https://github.com/budiadiono/react-native-calculator
react-native-navbar-color ★12,https://github.com/BhavanPatel/react-native-navbar-color
radio-buttons-react-native ★11,https://github.com/sramezani/radio-buttons-react-native
react-native-piechart ★10,https://github.com/frostney/react-native-piechart
react-native-seekbar-android ★10,https://github.com/DispatcherInc/react-native-seekbar-android
react-native-coachmasks ★10,https://github.com/TranLuongTuanAnh/react-native-coachmasks
react-native-progress-button ★10,https://github.com/xinghui0000/react-native-progress-button
react-native-quiltview ★9,https://github.com/mmslate/react-native-quiltview
react-native-relative-units ★9,https://github.com/benzhe/react-native-relative-units
react-native-simple-button ★9,https://github.com/remobile/react-native-simple-button
react-native-styled-toast ★9,https://github.com/jeanverster/react-native-styled-toast
react-native-frame-loading ★9,https://github.com/heyman333/react-native-frame-loading
react-native-rheostat ★9,https://github.com/DrChai/react-native-rheostat
rheostat,https://github.com/airbnb/rheostat
react-native-country-picker ★8,https://github.com/tofugear/react-native-country-picker
react-native-flex-label ★8,https://github.com/eccolabs/react-native-flex-label
react-native-link ★8,https://github.com/650Industries/react-native-link
react-native-stylesheet-xg ★8,https://github.com/xgfe/react-native-stylesheet-xg
react-native-censored ★8,https://github.com/redpandatronicsuk/react-native-censored
react-native-bouncing-ball ★8,https://github.com/hankzhuo/react-native-bouncing-ball
react-native-loading ★7,https://github.com/alcat2008/react-native-loading
react-native-segment-control ★7,https://github.com/ainurb/react-native-segment-control
react-native-animated-styles ★7,https://github.com/ericpkerr/react-native-animated-styles
react-native-hide-modal ★6,https://github.com/heyman333/react-native-hide-modal
react-native-hole-view ★6,https://github.com/ibitcy/react-native-hole-view
react-native-masonry-brick-list ★5,https://github.com/lvlrSajjad/react-native-masonry-brick-list
react-native-blur-overlay ★5,https://github.com/lvlrSajjad/react-native-blur-overlay
react-native-rate-modal ★5,https://github.com/omergulen/react-native-rate-modal
react-native-fancy-carousel-viewpager ★4,https://github.com/lvlrSajjad/react-native-fancy-carousel-viewpager
pinar ★4,https://github.com/kristerkari/pinar
react-native-svg-transformer ★4,https://github.com/kristerkari/react-native-svg-transformer
react-native-progress-steps ★4,https://github.com/colbymillerdev/react-native-progress-steps
react-native-loader-hud ★3,https://github.com/EdgeJay/react-native-loader-hud
react-native-double-buffer ★3,https://github.com/alinz/react-native-double-buffer
react-native-fontbase ★3,https://github.com/frostney/react-native-fontbase
react-native-units ★2,https://github.com/alexfoxy/react-native-units
react-native-easy-checkbox ★2,https://github.com/BhavanPatel/react-native-easy-checkbox
react-native-scene-manager ★2,https://github.com/alinz/react-native-scene-manager
react-native-rounded-navigation-drawer ★2,https://github.com/lvlrSajjad/react-native-rounded-navigation-drawer
react-native-expandable-fab-menu ★2,https://github.com/lvlrSajjad/react-native-expandable-fab-menu
react-native-animated-bottom-tabbar ★2,https://github.com/lvlrSajjad/react-native-animated-bottom-tabbar
react-native-create-new-file-ios ★1,https://github.com/rhaker/react-native-create-new-file-ios
react-native-picker-module ★1,https://github.com/talut/react-native-picker-module
react-native-countries ★1,https://github.com/talut/react-native-countries
react-native-scrubber ★1,https://github.com/repodio/react-native-scrubber/tree/master
react-native-loader-kit ★1,https://github.com/maitrungduc1410/react-native-loader-kit
react-native-new-feature ★1,https://github.com/maitrungduc1410/react-native-new-feature
react-native-sdr,https://github.com/i6mi6/react-native-sdr
react-native-store-view ★19,https://github.com/rh389/react-native-store-view
react-native-image-container ★0,https://github.com/frostney/react-native-image-container
react-native-counters ★0,https://github.com/yasaricli/react-native-counters
react-native-gradient-buttons,https://github.com/thomaswangio/react-native-gradient-buttons
react-native-auth-screens,https://github.com/thomaswangio/auth-screens
react-native-animated-flatlist,https://github.com/shakogegia/react-native-animated-flatlist
swipeable-modal-react-native,https://github.com/bzurkow/swipeable-modal-react-native
react-native-countdown-text,https://github.com/realKfiros/react-native-countdown-text
rn-actionsheet-module ★0,https://github.com/talut/rn-actionsheet-module
react-native-animated-loader,https://github.com/vikrantnegi/react-native-animated-loader
rn-verifcode,https://github.com/xcarpentier/rn-verifcode
react-native-picker-modal-view,https://github.com/pankod/react-native-picker-modal-view
rn-material-textinput,https://github.com/akshit5230/React-Native-Material-TextInput
rn-action-picker,https://github.com/akshit5230/rn-action-picker
rn-collapsible-section,https://github.com/akshit5230/React-Native-Collapsible-Section
view-on-steroids,https://github.com/vko-online/pane
react-native-eva-icons,https://github.com/artyorsh/react-native-eva-icons
Eva Icons,https://github.com/akveo/eva-icons
react-native-dots-pagination ★3,https://github.com/tsepeti/react-native-dots-pagination
react-native-gesture-detector,https://github.com/mxmzb/react-native-gesture-detector
react-native-scrollview-header ★5,https://github.com/weifxn/react-native-scrollview-header
react-native-wizard,https://github.com/talut/react-native-wizard
react-native-timetable,https://github.com/gomjellie/react-native-timetable
react-native-material-drawer,https://github.com/codypearce/react-native-material-drawer
react-navigation ★14233,https://github.com/react-community/react-navigation
react-native-navigation ★9325,https://github.com/wix/react-native-navigation
react-native-navigation-hooks ★109,https://github.com/underscopeio/react-native-navigation-hooks
react-native-router-flux ★7720,https://github.com/aksonov/react-native-router-flux
kittenTricks ★4227,https://github.com/akveo/kittenTricks
native-navigation ★3060,https://github.com/airbnb/native-navigation
react-native-navbar ★1824,https://github.com/Kureev/react-native-navbar
react-native-router ★1203,https://github.com/t4t5/react-native-router
ex-navigation ★1019,https://github.com/exponentjs/ex-navigation
react-native-controllers ★580,https://github.com/wix/react-native-controllers
ex-navigator ★531,https://github.com/exponentjs/ex-navigator
react-native-nav ★262,https://github.com/jineshshah36/react-native-nav
react-native-navigation-drawer ★98,https://github.com/ilansas/react-native-navigation-drawer
react-native-ya-navigator ★88,https://github.com/xxsnakerxx/react-native-ya-navigator
navbar-native ★86,https://github.com/redbaron76/navbar-native
react-native-swiper-flatlist ★★ ★81,https://github.com/gusgard/react-native-swiper-flatlist
react-native-easy-router ★78,https://github.com/sergeyshpadyrev/react-native-easy-router
react-native-navigator ★74,https://github.com/thewei/react-native-navigator
react-navigation-magic-move ★62,https://github.com/IjzerenHein/react-navigation-magic-move
react-native-navigation-bar ★59,https://github.com/beefe/react-native-navigation-bar
react-native-url-handler ★37,https://github.com/exponentjs/react-native-url-handler
react-native-grid-list ★ ★28,https://github.com/gusgard/react-native-grid-list
react-native-route-navigator ★27,https://github.com/Andr3wHur5t/react-native-route-navigator
react-native-transparent-bar ★16,https://github.com/23c/react-native-transparent-bar
react-native-email-chip ★8,https://github.com/arelstone/react-native-email-chip
react-native-invoke-app ★8,https://github.com/vicke4/react-native-invoke-app
react-native-keyboard-sticky-view ★7,https://github.com/melihberberolu/React-Native-Keyboard-Sticky-View
sajjad-brick-list ★5,https://github.com/lvlrSajjad/sajjad-brick-list
react-native-router-sinux ★ ★4,https://github.com/jbpin/react-native-router-sinux
react-native-simple-slider ★3,https://github.com/NesChaiyapon/react-native-simple-slider
react-native-header-scroll-view ★3,https://github.com/jonsamp/react-native-header-scroll-view
react-native-navigation-buttons ★2,https://github.com/shayne/react-native-navigation-buttons
react-native-hotspot ★2,https://github.com/lawnstarter/react-native-hotspot
react-native-pointer-interactions ★2,https://github.com/thefunbots/react-native-pointer-interactions
react-native-yynavigator ★1,https://github.com/yiyangest/react-native-yynavigator
react-native-telegraph ★1,https://github.com/robertherber/react-native-telegraph
NavigatorIOS: Accessing onRightButtonPress from within child component,https://github.com/facebook/react-native/issues/31
movieapp ★1441,https://github.com/JuneDomingo/movieapp
ExNavRelay ★23,https://github.com/sibelius/ExNavRelay
React Native Drawer & Bottom-Tab Navigation ★6,https://github.com/tassdr/react-native-template
react-native-deep-link ★36,https://github.com/Starotitorov/react-native-deep-link
react-native-hyperlink ★354,https://github.com/obipawan/hyperlink
react-native-draftjs-render ★253,https://github.com/globocom/react-native-draftjs-render
react-native-html-to-pdf ★171,https://github.com/christopherdro/react-native-html-to-pdf
react-native-htmltext ★132,https://github.com/siuying/react-native-htmltext
react-native-html-webview ★102,https://github.com/almost/react-native-html-webview
react-native-html-render ★98,https://github.com/soliury/react-native-html-render
react-native-markdown-display ★57,https://github.com/iamacup/react-native-markdown-display/
react-native-measure-text ★48,https://github.com/airamrguez/react-native-measure-text
react-native-markdown-editor ★47,https://github.com/kunall17/react-native-markdown-editor
react-native-showdown ★43,https://github.com/jerolimov/react-native-showdown
react-native-file-viewer ★33,https://github.com/vinzscam/react-native-file-viewer
react-native-responsive-fontsize ★22,https://github.com/heyman333/react-native-responsive-fontsize
react-native-text-size ★21,https://github.com/aMarCruz/react-native-text-size
react-native-hypertext ★20,https://github.com/agentcooper/react-native-hypertext
react-native-asciimage ★17,https://github.com/turley/react-native-asciimage
react-native-universal-modal ★16,https://github.com/bokuweb/react-native-universal-modal
react-native-html ★11,https://github.com/turingou/react-native-html
react-native-responsive-fontsize ★83,https://github.com/heyman333/react-native-responsive-fontsize
rn-pdf-reader-js ★6,https://github.com/xcarpentier/rn-pdf-reader-js/blob/master/README.md
@typeskill/typer ★4,https://github.com/typeskill/typer
react-native-fabric ★1097,https://github.com/corymsmith/react-native-fabric
react-native-google-analytics-bridge ★1071,https://github.com/idehub/react-native-google-analytics-bridge
react-native-google-analytics ★325,https://github.com/lwansbrough/react-native-google-analytics
react-native-mixpanel ★307,https://github.com/davodesign84/react-native-mixpanel
react-native-ab ★160,https://github.com/lwansbrough/react-native-ab
react-native-segment-io-analytics ★68,https://github.com/smore-inc/react-native-segment-io-analytics
react-native-ux-cam ★32,https://github.com/negativetwelve/react-native-ux-cam
react-native-td ★26,https://github.com/quipper/react-native-td
react-native-flurry-sdk ★15,https://github.com/flurry/react-native-flurry-sdk
detox ★3566,https://github.com/wix/detox
react-native-workers ★616,https://github.com/devfd/react-native-workers
react-native-mock ★504,https://github.com/RealOrangeOne/react-native-mock
loki ★395,https://github.com/oblador/loki
react-native-slowlog ★271,https://github.com/jondot/react-native-slowlog
react-native-zip-archive ★173,https://github.com/plrthink/react-native-zip-archive
react-native-tips ★160,https://github.com/frichti/react-native-tips
codemod-RN24-to-RN25 ★104,https://github.com/sibeliusseraphini/codemod-RN24-to-RN25
react-native-linkedin ★101,https://github.com/xcarpentier/react-native-linkedin
react-native-eval ★75,https://github.com/artemyarulin/react-native-eval
react-native-device-log ★73,https://github.com/olofd/react-native-device-log
react-native-call-detection ★73,https://github.com/priteshrnandgaonkar/react-native-call-detection
react-native-userdefaults-ios ★66,https://github.com/dsibiski/react-native-userdefaults-ios
react-native-webp ★56,https://github.com/dbasedow/react-native-webp
react-native-global-event-emitter ★50,https://github.com/paramaggarwal/react-native-global-event-emitter
react-native-user-defaults ★48,https://github.com/wwayne/react-native-user-defaults
react-native-console-time-polyfill ★45,https://github.com/MaxGraey/react-native-console-time-polyfill
react-native-aws-signature ★42,https://github.com/leimd/react-native-aws-signature
react-native-rsa ★41,https://github.com/z-hao-wang/react-native-rsa
react-native-html-parser ★38,https://github.com/g6ling/react-native-html-parser
pixels-catcher ★26,https://github.com/rumax/react-native-PixelsCatcher
react-native-aes ★24,https://github.com/mvayngrib/react-native-aes
react-native-network-logger ★20,https://github.com/alexbrazier/react-native-network-logger
eslint-config-kingstinct-react-native ★23,https://github.com/robertherber/eslint-config-kingstinct-react-native
react-native-hour-format ★20,https://github.com/SoftwareMansion/react-native-hour-format
react-native-des ★20,https://github.com/remobile/react-native-des
react-native-babel-jest ★15,https://github.com/apentle/react-native-babel-jest
react-native-simple-encryption ★14,https://github.com/BhavanPatel/react-native-simple-encryption
react-native-immutable ★12,https://github.com/thewei/react-native-immutable
react-native-util ★12,https://github.com/exponentjs/react-native-util
react-native-referrer ★11,https://github.com/JeandeCampredon/react-native-referrer
react-native-webpackager-server ★6,https://github.com/changfuguo/react-native-webpackager-server
react-native-crypto ★6,https://github.com/mvayngrib/react-native-crypto
react-native-fluxbone ★5,https://github.com/jgable/react-native-fluxbone
react-native-cross-settings ★5,https://github.com/aMarCruz/react-native-cross-settings
react-native-HsvToRgb ★3,https://github.com/Copypeng/react-native-HsvToRgb
react-native-use-persist-storage ★3,https://github.com/visuallylab/react-native-use-persist-storage
react-native-tools ★0,https://github.com/kkennis/react-native-tools
react-native-call-observer,https://github.com/liamse/react-native-call-observer
react-native-iphone-se-helper ★0,https://github.com/heyman333/react-native-iphone-se-helper
react-native-native-log ★0,https://github.com/JessicaYeh/react-native-native-log
react-native-mov-to-mp4 ★44,https://github.com/taltultc/react-native-mov-to-mp4
react-native-test-runner ★1,https://github.com/acostalima/react-native-test-runner
formik ★10633,https://github.com/jaredpalmer/formik
react-hook-form ★9346,https://github.com/react-hook-form/react-hook-form
redux-hook-form ★2700,https://github.com/react-hook-form/react-hook-form
tcomb-form-native ★2831,https://github.com/gcanti/tcomb-form-native
react-native-gifted-form ★1317,https://github.com/FaridSafi/react-native-gifted-form
react-native-clean-form ★414,https://github.com/esbenp/react-native-clean-form
react-native-form-generator ★354,https://github.com/MichaelCereda/react-native-form-generator
react-native-form ★138,https://github.com/julianocomg/react-native-form
react-reactive-forms ★106,https://github.com/bietkul/react-reactive-form
react-native-forms ★86,https://github.com/michaelhelvey/react-native-forms
react-native-formawesome,https://github.com/MAKARD/react-native-formawesome
react-native-from-builder ★69,https://github.com/bietkul/react-native-form-builder
foect ★37,https://github.com/unexge/foect
react-native-fm-form ★13,https://github.com/peter4k/react-native-fm-form
react-native-form-flux ★2,https://github.com/aksonov/react-native-form-flux
react-native-form-validator ★0,https://github.com/srfaytkn/react-native-form-validator
react-native-background-geolocation ★1316,https://github.com/transistorsoft/react-native-background-geolocation
react-native-mauron85-background-geolocation ★657,https://github.com/mauron85/react-native-background-geolocation
react-native-geocoder ★344,https://github.com/devfd/react-native-geocoder
react-native-geo-fencing ★100,https://github.com/surialabs/react-native-geo-fencing
react-native-fused-location ★82,https://github.com/MustansirZia/react-native-fused-location
react-native-android-geolocation ★19,https://github.com/garysye/react-native-android-geolocation
react-native-reverse-geo ★18,https://github.com/aaronksaunders/react-native-reverse-geo
react-native-boundary ★12,https://github.com/eddieowens/react-native-boundary
react-native-geolocation-android ★3,https://github.com/lxsameer/react-native-geolocation-android
fbt ★3202,https://github.com/facebookincubator/fbt
react-native-localize ★603,https://github.com/react-native-community/react-native-localize
react-native-globalize ★192,https://github.com/joshswan/react-native-globalize
redux-react-native-i18n ★40,https://github.com/derzunov/redux-react-native-i18n
react-native-intl ★37,https://github.com/taggon/react-native-intl
rn-translate-template ★18,https://github.com/hiaw/rn-translate-template
react-native-i18n ★1778,https://github.com/AlexanderZaytsev/react-native-i18n
react-native-languages ★246,https://github.com/react-community/react-native-languages
reactotron ★9198,https://github.com/skellock/reactotron
react-native-code-push ★5184,https://github.com/Microsoft/react-native-code-push
react-native-webpack-server ★935,https://github.com/mjohnston/react-native-webpack-server
generator-rn-toolbox ★800,https://github.com/bamlab/generator-rn-toolbox
babel-preset-react-native-stage-0 ★97,https://github.com/skevy/babel-preset-react-native-stage-0
react-native-debug-stylesheet ★75,https://github.com/brentvatne/react-native-debug-stylesheet
react-native-console-panel ★73,https://github.com/sospartan/react-native-console-panel
react-native-css-loader ★39,https://github.com/thewei/react-native-css-loader
react-native-assets ★31,https://github.com/llanox/react-native-assests
react-native-cosmos ★18,https://github.com/jerolimov/react-native-cosmos
react-native-kill-packager ★15,https://github.com/livioso/react-native-kill-packager
react-native-build-cli ★3,https://github.com/adonpro/react-native-build-cli
react-native-react-bridge,https://github.com/inokawa/react-native-react-bridge
styled-components ★20064,https://github.com/styled-components/styled-components
emotion ★5627,https://github.com/emotion-js/emotion
react-native-extended-stylesheet ★1689,https://github.com/vitalets/react-native-extended-stylesheet
react-native-css ★755,https://github.com/sabeurthabti/react-native-css
react-native-style-tachyons ★525,https://github.com/tachyons-css/react-native-style-tachyons
glamorous-native ★454,https://github.com/robinpowered/glamorous-native
react-native-responsive ★295,https://github.com/ayoubdev/react-native-responsive
cairn ★110,https://github.com/adamterlson/cairn
react-native-theme ★104,https://github.com/apentle/react-native-theme
react-native-css-modules ★44,https://github.com/kristerkari/react-native-css-modules
rn-less ★15,https://github.com/blackmiaool/rn-less
react-native-prism ★10,https://github.com/tmpfs/prism
react-native-paint ★5,https://github.com/brankeye/react-native-paint
binstorm ★5,https://github.com/binbytes/binstorm
styled-react-native,https://github.com/jsifalda/styled-react-native
react-native-tailwindcss,https://github.com/TVke/react-native-tailwindcss
react-native-firebase ★4192,https://github.com/invertase/react-native-firebase
react-native-push-notification ★3431,https://github.com/zo0r/react-native-push-notification
react-native-device-info ★3145,https://github.com/rebeccahughes/react-native-device-info
react-native-fs ★2465,https://github.com/johanneslumpe/react-native-fs
react-native-config ★1894,https://github.com/luggit/react-native-config
react-native-ultimate-config,https://github.com/maxkomarychev/react-native-ultimate-config
react-native-fcm ★1564,https://github.com/evollu/react-native-fcm
react-native-notifications ★1396,https://github.com/wix/react-native-notifications
react-native-arkit ★1290,https://github.com/HippoAR/react-native-arkit
react-native-permissions ★1118,https://github.com/yonahforst/react-native-permissions
react-native-keychain ★992,https://github.com/oblador/react-native-keychain
react-native-touch-id ★902,https://github.com/naoufal/react-native-touch-id
react-native-contacts ★882,https://github.com/rt2zz/react-native-contacts
react-native-communications ★871,https://github.com/anarchicknight/react-native-communications
react-native-onesignal ★871,https://github.com/geektimecoil/react-native-onesignal
react-native-in-app-utils ★743,https://github.com/chirag04/react-native-in-app-utils
react-native-image-resizer ★636,https://github.com/bamlab/react-native-image-resizer
react-native-quick-actions ★593,https://github.com/madriska/react-native-quick-actions
react-native-billing ★534,https://github.com/idehub/react-native-billing
react-native-barcodescanner ★491,https://github.com/ideacreation/react-native-barcodescanner
react-native-iap ★450,https://github.com/dooboolab/react-native-iap
react-native-dotenv ★450,https://github.com/zetachang/react-native-dotenv
react-native-location ★425,https://github.com/timfpark/react-native-location
react-native-background-fetch ★373,https://github.com/transistorsoft/react-native-background-fetch
react-native-queue ★359,https://github.com/billmalarky/react-native-queue
react-native-sensors ★355,https://github.com/react-native-sensors/react-native-sensors
react-native-social-share ★347,https://github.com/doefler/react-native-social-share
react-native-ibeacon ★334,https://github.com/geniuxconsulting/react-native-ibeacon
react-native-lock-ios ★291,https://github.com/auth0/react-native-lock-ios
react-native-motion-manager ★223,https://github.com/pwmckenna/react-native-motion-manager
react-native-android-sms-listener ★194,https://github.com/CentaurWarchief/react-native-android-sms-listener
react-native-device ★185,https://github.com/GertjanReynaert/react-native-device
react-native-gcm-android ★174,https://github.com/oney/react-native-gcm-android
react-native-sensor-manager ★172,https://github.com/kprimice/react-native-sensor-manager
react-native-ble ★157,https://github.com/jacobrosenthal/react-native-ble
react-native-haptic ★137,https://github.com/charlesvinette/react-native-haptic
react-native-pinch ★130,https://github.com/localz/react-native-pinch
react-native-unified-contacts ★120,https://github.com/joshuapinter/react-native-unified-contacts
react-native-callkit ★94,https://github.com/ianlin/react-native-callkit
react-native-discovery ★89,https://github.com/yonahforst/react-native-discovery
react-native-passcode-auth ★87,https://github.com/naoufal/react-native-passcode-auth
react-native-addressbook ★81,https://github.com/rt2zz/react-native-addressbook
react-native-fingerprint-identify ★79,https://github.com/williamtran29/react-native-fingerprint-identify
react-native-phone-call ★76,https://github.com/tiaanduplessis/react-native-phone-call
react-native-calendar-reminders ★69,https://github.com/wmcmahan/React-Native-CalendarReminders
react-native-bluetooth-state ★61,https://github.com/frostney/react-native-bluetooth-state
react-native-google-nearby-messages ★14,https://github.com/mrousavy/react-native-google-nearby-messages
react-native-barcode-scanner ★60,https://github.com/lifuzu/ReactNativeBarcodeScanner
react-native-haptic-feedback ★60,https://github.com/mkuczera/react-native-haptic-feedback
react-native-clipboard ★58,https://github.com/silentcloud/react-native-clipboard
react-native-media-clipboard,https://github.com/Jarred-Sumner/react-native-media-clipboard
react-native-nfc-ios ★52,https://github.com/barodeur/react-native-nfc-ios
react-native-android-sms ★48,https://github.com/msmakhlouf/react-native-android-sms
react-native-voip-push-notification ★48,https://github.com/ianlin/react-native-voip-push-notification
react-native-android-speech ★47,https://github.com/mihirsoni/react-native-android-speech
react-native-app-info ★42,https://github.com/Iragne/react-native-app-info
react-native-icloud-sync ★41,https://github.com/chirag04/react-native-icloud-sync
react-native-carrier-info ★41,https://github.com/anarchicknight/react-native-carrier-info
react-native-sms-android ★40,https://github.com/rhaker/react-native-sms-android
react-native-touch-id-android ★32,https://github.com/ElekenAgency/react-native-touch-id-android
react-native-heading ★31,https://github.com/yonahforst/react-native-heading
react-native-battery ★30,https://github.com/oojr/react-native-battery
react-native-device-battery ★30,https://github.com/robinpowered/react-native-device-battery
react-native-device-motion ★29,https://github.com/paramaggarwal/react-native-device-motion
react-native-wifi-manager ★29,https://github.com/skierkowski/react-native-wifi-manager
react-native-android-sqlite ★28,https://github.com/jbrodriguez/react-native-android-sqlite
react-native-search-api ★27,https://github.com/ombori/react-native-search-api
react-native-ssl-pinning ★20,https://github.com/MaxToyberman/react-native-ssl-pinning
react-native-localsearch ★17,https://github.com/wmcmahan/React-Native-LocalSearch
rn-secure-storage ★17,https://github.com/talut/rn-secure-storage
react-native-contacts-rx ★14,https://github.com/JeanLebrument/react-native-contacts-rx
react-native-mipush ★13,https://github.com/cpunion/react-native-mipush
react-native-device-angles ★12,https://github.com/cristianszwarc/RNDeviceAngles
react-native-detect-device ★11,https://github.com/peachmeco/react-native-detect-device
react-native-battery-status ★11,https://github.com/remobile/react-native-battery-status
react-native-system-notification ★10,https://github.com/Neson/react-native-system-notification
react-native-home-pressed ★8,https://github.com/evanjmg/react-native-home-pressed
react-native-lock-android ★7,https://github.com/auth0/react-native-lock-android
react-native-push-with-gcm ★6,https://github.com/lilach/react-native-push-with-gcm
react-native-device-info-pod ★3,https://github.com/mchinyakov/react-native-device-info
react-native-sms-retriever,https://github.com/Bruno-Furtado/react-native-sms-retriever
react-native-background-downloader ★93,https://github.com/EkoLabs/react-native-background-downloader
rn-in-app-review,https://github.com/ravirupareliya/rn-in-app-review
react-native-system-setting,https://github.com/c19354837/react-native-system-setting
react-native-webrtc ★1805,https://github.com/oney/react-native-webrtc
react-native-webview-bridge ★1112,https://github.com/alinz/react-native-webview-bridge
react-native-safari-view ★387,https://github.com/naoufal/react-native-safari-view
react-native-webview-android ★305,https://github.com/lucasferreira/react-native-webview-android
react-native-for-web ★247,https://github.com/KodersLab/react-native-for-web
react-native-browser ★107,https://github.com/PrestoDoctor/react-native-browser
react-native-webview-crosswalk ★88,https://github.com/jordansexton/react-native-webview-crosswalk
react-native-turbolinks ★72,https://github.com/lazaronixon/react-native-turbolinks
react-native-webintent ★53,https://github.com/ivanph/react-native-webintent
react-native-web-container ★36,https://github.com/danrigsby/react-native-web-container
react-native-inappbrowser-reborn ★30,https://github.com/proyecto26/react-native-inappbrowser
react-native-browser-polyfill ★29,https://github.com/johanneslumpe/react-native-browser-polyfill
react-native-cookiemanager ★19,https://github.com/beefe/react-native-cookiemanager
react-native-bridgeable-webview ★16,https://github.com/Intellicode/react-native-bridgeable-webview
react-native-html2native ★3,https://github.com/labithiotis/react-native-html-render
react-native-webview ★3,https://github.com/beefe/react-native-webview
react-native-camera ★6227,https://github.com/lwansbrough/react-native-camera
react-native-video ★3470,https://github.com/brentvatne/react-native-video
react-native-sound ★1556,https://github.com/zmxv/react-native-sound
react-native-audio ★798,https://github.com/jsierles/react-native-audio
react-native-audio-toolkit ★764,https://github.com/react-native-community/react-native-audio-toolkit
react-native-camera-kit ★701,https://github.com/wix/react-native-camera-kit
react-native-audio-streaming ★679,https://github.com/tlenclos/react-native-audio-streaming
react-native-video-processing ★712,https://github.com/shahen94/react-native-video-processing
react-native-track-player ★441,https://github.com/react-native-kit/react-native-track-player
react-native-music-control,https://github.com/tanguyantoine/react-native-music-control/
react-native-camera-roll-picker ★312,https://github.com/jeanpan/react-native-camera-roll-picker
react-native-incall-manager ★272,https://github.com/zxcpoiu/react-native-incall-manager
react-native-speech ★246,https://github.com/naoufal/react-native-speech
react-native-screcorder ★214,https://github.com/maxs15/react-native-screcorder
react-native-photos-framework ★154,https://github.com/olofd/react-native-photos-framework
react-native-audioplayer ★99,https://github.com/andreaskeller/react-native-audioplayer
react-native-player ★81,https://github.com/xeodou/react-native-player
react-native-vlc-player ★80,https://github.com/ghondar/react-native-vlc-player
react-native-volume-slider ★69,https://github.com/IFours/react-native-volume-slider
react-native-sound-demo ★63,https://github.com/zmxv/react-native-sound-demo
react-native-interactive-image-gallery ★60,https://github.com/InterfaceKit/react-native-interactive-image-gallery
react-native-color-grabber ★57,https://github.com/bsudekum/react-native-color-grabber
react-native-hue-player ★43,https://github.com/App2Sales/react-native-hue-player
react-native-media-meta ★41,https://github.com/mybigday/react-native-media-meta
react-native-sound-recorder ★41,https://github.com/kevinresol/react-native-sound-recorder
react-native-fullscreen-video ★39,https://github.com/mostafa/react-native-fullscreen-video
react-native-android-audio-streaming-aac ★25,https://github.com/EstebanFuentealba/react-native-android-audio-streaming-aac
react-native-photoeditorsdk ★24,https://github.com/imgly/pesdk-react-native
react-native-videoeditorsdk ★18,https://github.com/imgly/vesdk-react-native
react-native-true-sight ★18,https://github.com/ScreamZ/react-native-true-sight
react-native-audio-manager ★15,https://github.com/Tricy/react-native-audio-manager
react-native-safe-image ★13,https://github.com/xcarpentier/react-native-safe-image
react-native-audio-player ★12,https://github.com/sh3rawi/react-native-audio-player
react-native-mediaplayer ★12,https://github.com/chriselly/react-native-mediaplayer
react-native-simple-sound ★11,https://github.com/mikehedman/react-native-simple-sound
react-native-tone ★7,https://github.com/oliviachang29/react-native-tone
react-native-media-capture ★6,https://github.com/remobile/react-native-media-capture
react-native-android-video ★8,https://github.com/Cherrypick-Consulting/react-native-android-video
react-native-airplay-button,https://github.com/CBCNewMedia/react-native-airplay-button
RxDB ★12797,https://github.com/pubkey/rxdb
WatermelonDB ★4649,https://github.com/Nozbe/WatermelonDB
realm ★3184,https://github.com/realm/realm-js
react-native-storage ★2115,https://github.com/sunnylqm/react-native-storage
react-native-sqlite-storage ★1508,https://github.com/andpor/react-native-sqlite-storage
react-native-simple-store ★731,https://github.com/jasonmerino/react-native-simple-store
react-native-store ★561,https://github.com/thewei/react-native-store
react-native-db-models ★168,https://github.com/darkrishabh/react-native-db-models
react-native-sqlite-2 ★106,https://github.com/noradaiko/react-native-sqlite-2
react-native-couchbase-lite ★105,https://github.com/fraserxu/react-native-couchbase-lite
react-native-persistent-job ★72,https://github.com/Gabrn/react-native-persistent-job
pouchdb-adapter-react-native-sqlite ★49,https://github.com/noradaiko/pouchdb-adapter-react-native-sqlite
react-native-pouchdb ★38,https://github.com/carbureted/react-native-pouchdb
react-native-level-fs ★20,https://github.com/tradle/react-native-level-fs
react-native-mongoose ★17,https://github.com/remobile/react-native-mongoose
react-native-leveldown,https://github.com/andymatuschak/react-native-leveldown
typed-async-storage,https://github.com/artxty/typed-async-storage
react-native-fetch-blob ★2299,https://github.com/wkh237/react-native-fetch-blob
reactivesearch-native ★1218,https://github.com/appbaseio/reactivesearch/tree/dev/packages/native
react-native-meteor ★673,https://github.com/inProgress-team/react-native-meteor
aws-sdk-react-native ★650,https://github.com/awslabs/aws-sdk-react-native
react-native-simple-auth ★592,https://github.com/adamjmcgrath/react-native-simple-auth
react-native-uploader ★455,https://github.com/aroth/react-native-uploader
react-native-lazyload ★342,https://github.com/magicismight/react-native-lazyload
react-native-aws3 ★293,https://github.com/benjreinhart/react-native-aws3
react-native-background-upload ★270,https://github.com/Vydia/react-native-background-upload
react-native-xmpp ★256,https://github.com/aksonov/react-native-xmpp
react-native-tcp ★199,https://github.com/PeelTechnologies/react-native-tcp
react-native-udp ★147,https://github.com/tradle/react-native-udp
react-native-aws-cognito-js ★131,https://github.com/AirLabsTeam/react-native-aws-cognito-js
feathers-client ★121,https://github.com/feathersjs/feathers-client
react-native-multipeer ★117,https://github.com/lwansbrough/react-native-multipeer
react-native-swift-socketio ★105,https://github.com/kirkness/react-native-swift-socketio
react-native-file-upload ★103,https://github.com/booxood/react-native-file-upload
react-native-networking ★99,https://github.com/eduedix/react-native-networking
react-native-s3 ★80,https://github.com/mybigday/react-native-s3
react-native-rest-kit ★65,https://github.com/peter4k/react-native-rest-kit
react-native-cognito ★63,https://github.com/morcmarc/react-native-cognito
react-native-file-download ★45,https://github.com/plrthink/react-native-file-download
react-native-jwt ★37,https://github.com/StanScates/react-native-jwt
react-native-sync ★28,https://github.com/pervasync/react-native-sync
react-native-ssdp ★26,https://github.com/netbeast/react-native-ssdp
react-native-http ★13,https://github.com/iktw/react-native-jwt
react-native-async-http ★5,https://github.com/szq4119/react-native-async-http
react-native-nchan ★3,https://github.com/indatawetrust/react-native-nchan
react-native-blob-courier ★8,https://github.com/edeckers/react-native-blob-courier
fetch ★10,https://github.com/react-native-community/fetch
react-native-wechat ★2016,https://github.com/weflex/react-native-wechat
react-native-facebook-login ★1141,https://github.com/magus/react-native-facebook-login
react-native-google-signin ★1123,https://github.com/apptailor/react-native-google-signin
react-native-google-places-autocomplete ★846,https://github.com/FaridSafi/react-native-google-places-autocomplete
react-instantsearch ★644,https://github.com/algolia/react-instantsearch
react-native-awesome-card-io ★331,https://github.com/Kerumen/react-native-awesome-card-io
react-native-qq ★278,https://github.com/reactnativecn/react-native-qq
react-native-facebook-account-kit ★227,https://github.com/underscopeio/react-native-facebook-account-kit
react-native-wechat-ios ★199,https://github.com/beefe/react-native-wechat-ios
react-native-card-io ★171,https://github.com/kayla-tech/react-native-card-io
react-native-voximplant ★126,https://github.com/voximplant/react-native-voximplant
instabug-reactnative ★122,https://github.com/Instabug/instabug-reactnative
react-native-fabric-digits ★112,https://github.com/JeanLebrument/react-native-fabric-digits
react-native-braintree ★104,https://github.com/alawong/react-native-braintree
react-native-dialogflow ★104,https://github.com/innFactory/react-native-dialogflow
react-native-signalr ★100,https://github.com/olofd/react-native-signalr
react-native-twilio ★87,https://github.com/rogchap/react-native-twilio
react-native-twilio-programmable-voice ★86,https://github.com/hoxfon/react-native-twilio-programmable-voice
react-native-qqsdk ★83,https://github.com/iVanPan/react-native-qqsdk
react-native-braintree-xplat ★81,https://github.com/kraffslol/react-native-braintree-xplat
react-native-android-vitamio ★72,https://github.com/sejoker/react-native-android-vitamio
react-native-linkedin-login ★69,https://github.com/jodybrewster/react-native-linkedin-login
react-native-twitter-signin ★140,https://github.com/GoldenOwlAsia/react-native-twitter-signin
react-native-spring-scrollview ★64,https://github.com/bolan9999/react-native-spring-scrollview
react-native-instagram-oauth ★63,https://github.com/watzak/react-native-instagram-oauth
react-native-digits ★60,https://github.com/fixt/react-native-digits
react-native-realtimemessaging-android ★53,https://github.com/realtime-framework/RCTRealtimeMessagingAndroid
react-native-new-relic ★53,https://github.com/wix/react-native-newrelic
react-native-onepassword ★52,https://github.com/DriveWealth/react-native-onepassword
react-native-level ★38,https://github.com/tradle/react-native-level
react-native-instagram-share ★28,https://github.com/watzak/react-native-instagram-share
react-native-braintree-android ★24,https://github.com/surialabs/react-native-braintree-android
react-native-amap ★21,https://github.com/laoqiu/react-native-amap
react-native-realtime-pusher ★19,https://github.com/gijoehosaphat/react-native-realtime-pusher
react-native-conekta ★17,https://github.com/zo0r/react-native-conekta
react-native-fitness ★17,https://github.com/OvalMoney/react-native-fitness
react-native-woopra ★14,https://github.com/isair/react-native-woopra
react-native-sinch-verification ★14,https://github.com/kevinresol/react-native-sinch-verification
react-native-testfairy ★13,https://github.com/testfairy/react-native-testfairy
react-native-leancloud ★10,https://github.com/turingou/react-native-leancloud
react-native-flurry ★9,https://github.com/amitkothari/react-native-flurry
react-native-realtimemessaging-ios ★8,https://github.com/realtime-framework/RCTRealtimeMessaging
react-native-realtimestorage-ios ★8,https://github.com/realtime-framework/RCTRealtimeCloudStorage
react-native-axmall-alipay ★7,https://github.com/szq4119/react-native-alipay
react-native-youtube-oauth ★7,https://github.com/indatawetrust/react-native-youtube-oauth
react-native-intercom-native ★7,https://github.com/mateioprea/react-native-intercom
react-native-hawk ★5,https://github.com/andyscott/react-native-hawk
react-native-sumup ★5,https://github.com/APSL/react-native-sumup
react-native-instagram ★5,https://github.com/watzak/react-native-instagram
react-native-realtimestorage-android ★4,https://github.com/realtime-framework/RCTRealtimeStorageAndroid
react-native-fbintent ★4,https://github.com/syarul/react-native-fbintent
react-native-onfido ★2,https://github.com/React-Native-Nation/react-native-onfido
react-native-heyzap,https://github.com/react-native-contrib/react-native-heyzap
react-native-launch-navigator,https://github.com/dpa99c/react-native-launch-navigator
react-native-agora +190,https://github.com/syanbo/react-native-agora
agora-react-native-rtm +5,https://github.com/agoraio/agora-react-native-rtm
react-native-intercom *323,https://github.com/tinycreative/react-native-intercom
react-native-bugfender *7,https://github.com/bugfender/rn-bugfender
react-native-admob ★713,https://github.com/sbugert/react-native-admob
react-native-stripe-api ★155,https://github.com/xcarpentier/react-native-stripe-api
react-native-revmob ★15,https://github.com/RevMob/react-native-revmob
react-native-google-pay ★2,https://github.com/busfor/react-native-google-pay
react-native-apay ★2,https://github.com/busfor/react-native-apay
react-native-square-in-app-payments ★18,https://github.com/square/in-app-payments-react-native-plugin
react-native-animatable ★5787,https://github.com/oblador/react-native-animatable
react-native-interactable ★4148,https://github.com/wix/react-native-interactable
react-native-reanimated ★680,https://github.com/kmagiera/react-native-reanimated
react-native-spruce ★412,https://github.com/prscX/react-native-spruce
react-native-magic-move ★402,https://github.com/IjzerenHein/react-native-magic-move
react-native-gl-model-view ★210,https://github.com/rastapasta/react-native-gl-model-view
react-native-animated-sprite ★104,https://github.com/micahrye/react-native-animated-sprite
react-native-animated-math ★54,https://github.com/rastapasta/react-native-animated-math
React Native Today Widget ★190,https://github.com/matejkriz/react-native-today-widget
React Native Android Widget Proof of Concept ★127,https://github.com/netbeast/react-native-android-widget-poc
React Native Floating Bubble ★14,https://github.com/hybriteq/react-native-floating-bubble
React Native WidgetKit,https://github.com/fasky-software/react-native-widgetkit
react-native-web ★10904,https://github.com/necolas/react-native-web
reactxp ★7268,https://github.com/Microsoft/reactxp
react-native-windows ★5547,https://github.com/ReactWindows/react-native-windows
@areslabs/alita ★392,https://github.com/areslabs/alita
react-native-tvos-controller ★15,https://github.com/ycinfinity/react-native-tvos-controller
react-native-watchkit ★1,https://github.com/MystK/react-native-watchkit
upgrade-helper ★398,https://github.com/react-native-community/upgrade-helper
react-native-debugger ★4017,https://github.com/jhen0409/react-native-debugger
haul ★2711,https://github.com/callstack-io/haul
rnpm ★2408,https://github.com/rnpm/rnpm
generact ★1125,https://github.com/diegohaz/generact
react-native-rename ★901,https://github.com/junedomingo/react-native-rename
react-native-exception-handler ★504,https://github.com/master-atul/react-native-exception-handler
Electrode Native ★439,https://github.com/electrode-io/electrode-native
Ruby React Native (via Opal) ★391,https://github.com/zetachang/opal-native
rn-snoopy ★329,https://github.com/jondot/rn-snoopy
react-native-snippets ★249,https://github.com/Shrugs/react-native-snippets
react-native-bundle-visualizer ★141,https://github.com/IjzerenHein/react-native-bundle-visualizer
Makeicon ★70,https://github.com/beplus/makeicon
AsyncStorage Dev Menu Item ★67,https://github.com/jsoendermann/react-native-async-storage-dev-menu-item
rn-diff-purge ★64,https://github.com/react-native-community/rn-diff-purge
React Native Actions ★55,https://github.com/lucasbento/react-native-actions
rsx ★29,https://github.com/react-native-contrib/rsx
ADB Auto Restarter ★8,https://github.com/mahanhaz/adb-auto-restarter
rn-nodeify ★6,https://github.com/mvayngrib/rn-nodeify
react-native-ruler ★3,https://github.com/lfkwtz/react-native-ruler
react-hook-hooker,https://github.com/fjcaetano/react-hook-hooker
SimpleLocalize CLI,https://github.com/simplelocalize/simplelocalize-cli
🔥 Ignite ★8832,https://github.com/infinitered/ignite
Pepperoni ★4383,https://github.com/futurice/pepperoni-app-kit
Snowflake ★4321,https://github.com/bartonhammond/snowflake
native-starter-kit ★1506,https://github.com/start-react/native-starter-kit
React Native Hackathon Starter ★732,https://github.com/dabit3/react-native-hackathon-starter
React Native Boilerplate Typescript,https://github.com/mengheangrat/react-native-boilerplate
React Native Meteor Boilerplate ★615,https://github.com/spencercarli/react-native-meteor-boilerplate
🐙 React Native Boilerplate ★551,https://github.com/thecodingmachine/react-native-boilerplate
React Native Seed ★504,https://github.com/GeekyAnts/react-native-seed
🚀 React Native Starter ★388,https://github.com/flatlogic/react-native-starter
ReactNativeTS ★353,https://github.com/mrpatiwi/ReactNativeTS
react-native-starter by Ueno ★311,https://github.com/ueno-llc/react-native-starter
react-native-babel ★241,https://github.com/roman01la/react-native-babel
react-native-vanilla ★185,https://github.com/pavjacko/react-native-vanilla
react-native-template-typescript ★183,https://github.com/emin93/react-native-template-typescript
react-native-template-airbnb,https://github.com/iboldurev/react-native-template-airbnb
react-native-redux ★160,https://github.com/sibelius/react-native-redux
react-native-es6-reflux ★145,https://github.com/filp/react-native-es6-reflux
react-native-hot-redux-starter ★135,https://github.com/adampash/react-native-hot-redux-starter
react-native-typescript-boilerplate ★129,https://github.com/AmitM30/react-native-typescript-boilerplate
Rhinos-app ★81,https://github.com/rhinos-app/rhinos-app-dev
react-native-web-boilerplate ★72,https://github.com/agrcrobles/react-native-web-boilerplate
react-native-boilerplate ★61,https://github.com/pcofilada/react-native-boilerplate
react-native-easy-starter ★50,https://github.com/HarishJangra/react-native-easy-starter
0.60.5,https://github.com/react-native-community/releases/blob/master/CHANGELOG.md#v0605
react-native-web-workspace ★58,https://github.com/agrcrobles/react-native-web-workspace
React-Native-Starter-Pack ★40,https://github.com/iSimar/React-Native-Starter-Pack
react-native-relay-example ★38,https://github.com/sibelius/react-native-relay-example
MeteorNative Boilerplate ★23,https://github.com/redbaron76/MeteorNative
rn-mobx-template ★17,https://github.com/hiaw/rn_mobx_template
react-native-boilerplate-chucknorris ★15,https://github.com/Ali-Ayyad/react-native-boilerplate-chucknorris
react-native-template-super ★7,https://github.com/lohanitech/react-native-template-super
rn-relay-drawer-template ★4,https://github.com/hiaw/rn-relay-drawer-template
react-native-community-maps ★3,https://github.com/yonahforst/react-native-community-maps
React Native Starter Kit,https://github.com/instamobile/react-native-starter-kit
Awesome React Native Boilerplates,https://github.com/appitr/awesome-react-native-boilerplates
react-int,https://github.com/leafOfTree/react-int
RNStarter,https://github.com/i-mighty/RNStarter
React Native Elements ★13599,https://github.com/dabit3/React-Native-Elements
Shoutem UI ★3802,https://github.com/shoutem/ui
Panza ★243,https://github.com/bmcmahen/panza
BlankApp UI ★78,https://github.com/blankapp/ui
react-native-easy-app ★220,https://github.com/chende008/react-native-easy-app
React Native Common ★49,https://github.com/rghorbani/react-native-common
react-native-colibri ★5,https://github.com/nidorx/react-native-colibri
Artsy,https://github.com/artsy/eigen
f8app ★13070,https://github.com/fbsamples/f8app
30-days-of-react-native ★5192,https://github.com/fangwei716/30-days-of-react-native
react-native-nw-react-calculator ★4624,https://github.com/benoitvallon/react-native-nw-react-calculator
GitPoint ★3833,https://github.com/gitpoint/git-point
Hacker News (iOS & Android) ★3460,https://github.com/iSimar/HackerNews-React-Native
reading ★2947,https://github.com/attentiveness/reading
Status.im ★2470,https://github.com/status-im/status-react
GitHub Popular ★2452,https://github.com/crazycodeboy/GitHubPopular
Dribbble React Native ★1927,https://github.com/catalinmiron/react-native-dribbble-app
react-native-gitfeed ★1709,https://github.com/xiekw2010/react-native-gitfeed
Finance React Native ★1680,https://github.com/7kfpun/FinanceReactNative
Quirk 🐙 ★965,https://github.com/flaque/quirk
TaskRabbit's Sample App ★802,https://github.com/taskrabbit/ReactNativeSampleApp
React Weather ★702,https://github.com/stage88/react-weather
Boostnote ★630,https://github.com/BoostIO/boostnote-mobile
react-native-sudoku ★540,https://github.com/nihgwu/react-native-sudoku
react-native-hiapp ★513,https://github.com/BelinChung/react-native-hiapp
React Native Netflix ★489,https://github.com/mariodev12/react-native-netflix
what the thing? ★430,https://github.com/vigzmv/what_the_thing
react-native-basketball ★425,https://github.com/FaridSafi/react-native-basketball
Surmon.me.native ★406,https://github.com/surmon-china/surmon.me.native
An example React Native project for client login authentication ★402,https://github.com/ryanmcdermott/react-native-login
GitterMobile ★387,https://github.com/terrysahaidak/GitterMobile
ReactNativeRedditReader ★345,https://github.com/akveo/react-native-reddit-reader
Assemblies ★322,https://github.com/buildreactnative/assemblies
DuckDuckGo App (Unofficial) ★273,https://github.com/kiok46/duckduckgo
Ziliun React Native ★266,https://github.com/sonnylazuardi/ziliun-react-native
Luno ★266,https://github.com/alwx/luno-react-native
ReactNativeHackerNews ★241,https://github.com/jsdf/ReactNativeHackerNews
iOS Conference App made with React Native ★234,https://github.com/mikkoj/NortalTechDay
MagicMirror ★232,https://github.com/ajwhite/MagicMirror
Redux Demo ★226,https://github.com/chentsulin/react-native-counter-ios-android
React Native Embedded App ★218,https://github.com/dsibiski/react-native-embedded-app-example
"React Native Example, Geo and Location ★216",https://github.com/bgryszko/react-native-example
uestc-bbs-react-native ★216,https://github.com/just4fun/uestc-bbs-react-native
Sh**t! I Smoke ★209,https://github.com/amaurymartiny/shoot-i-smoke
PxView ★198,https://github.com/alphasp/pxview
BBC News (Unofficial) ★187,https://github.com/joeltrew/BBCNews-React-Native
HackerBuzz ★179,https://github.com/RCiesielczuk/HackerBuzz-ReactNative
Vecihi App ★170,https://github.com/yasintoy/vecihi
Rocket.Chat ★161,https://github.com/RocketChat/Rocket.Chat.ReactNative
HackerWeb ★158,https://github.com/cheeaun/hackerweb-native
Buyscreen sample ★151,https://github.com/appintheair/react-native-buyscreen
NewsWatch video viewer ★150,https://github.com/bradoyler/newswatch-react-native
YouTrack Mobile ★136,https://github.com/JetBrains/youtrack-mobile
ndash ★129,https://github.com/alexindigo/ndash
Look Lock ★126,https://github.com/7kfpun/PhotosReactNative
Kakapo - ambient sound mixer ★126,https://github.com/bluedaniel/Kakapo-native
Appointments ★116,https://github.com/iZaL/my-appointment
Alt/Flux Demo ★106,https://github.com/mrblueblue/react-native-alt-demo
Buttercup Mobile ★103,https://github.com/buttercup/buttercup-mobile
Insta Snap ★102,https://github.com/iZaL/insta-snap
live translator ★94,https://github.com/agrcrobles/react-native-live-translator
Finance MacOS React Native ★88,https://github.com/7kfpun/FinanceMacOSReactNative
NBAreact ★88,https://github.com/jbkuczma/NBAreact
Urban Dictionary ★83,https://github.com/edwinbosire/Urbandict
ASOS ★83,https://github.com/edwinbosire/ASOS
Reddit made with React Native and Redux ★81,https://github.com/KevinOfNeu/xReddit
react-native-redux-facebook ★79,https://github.com/bkspace/react-native-redux-facebook
Hekla for Hacker News ★77,https://github.com/birkir/hekla
QRCode App ★74,https://github.com/insiderdev/react-native-qrcode-app
Nearby Live ★72,https://github.com/N3TC4T/Nearby-Live
SoundcloudMboX ★67,https://github.com/trazyn/SoundcloudMboX
Native iOS font list ★60,https://github.com/yayolius/react-native-font-list
React Native Chromecast App ★56,https://github.com/holoed/ChromeCast_ReactNative
MoeFM ★54,https://github.com/codeestX/MoeFM
iTunesConnect ★53,https://github.com/oney/iTunesConnect
Sequent ★52,https://github.com/sobstel/sequent
AudienceNetworkReactNative ★50,https://github.com/7kfpun/AudienceNetworkReactNative
rndrawer-implemented-rnrouter ★50,https://github.com/efkan/rndrawer-implemented-rnrouter
Magento 2 Mobile App ★47,https://github.com/troublediehard/magento-react-native
iOS app that transcript your voice with IBM Watson Cloud ★41,https://github.com/yrezgui/meowth-ios
Splitcloud ★35,https://github.com/egm0121/splitcloud-app
ZudVPN ★32,https://github.com/zudvpn/ZudVPN
Todo List ★31,https://github.com/rishabhbhatia/react-native-todo
Paramap ★30,https://github.com/twist900/paramap
Confreaks ★29,https://github.com/cabaret/confreaks-react-native
Vocab React Native ★27,https://github.com/thaiinhk/VocabReactNative
Premier League ★25,https://github.com/ennioma/react-native-premier-league
Roxie ★23,https://github.com/venepe/react-native-roxie
Roverz ★21,https://github.com/mongrov/roverz
Text Blast ★18,https://github.com/SeshApp/text-blast-react-native
ionic version,https://github.com/SeshApp/text-blast-ionic
NewYorkTimesTopStories ★14,https://github.com/vidyuthd/NYTimesTopStories-React-Native
Quick-Sample ★14,https://github.com/innFactory/react-native-quick-sample
iGap Plus ★13,https://github.com/RooyeKhat-Media/iGap-Plus
Posters_Galore_Android ★11,https://github.com/marmelab/Posters_Galore_Android
react-native-medium-clap-animation ★11,https://github.com/saketkumar95/react-native-medium-clap-animation
HupuApp ★9,https://github.com/MelonRice/ReactNative-HupuJRS
react-native-uber-clone ★9,https://github.com/saketkumar95/react-native-uber-clone
Commit Strip (Unofficial) ★8,https://github.com/rizalibnu/commit-strip-react-native
react-native-otello ★6,https://github.com/hiaw/react_native_otello
GitHub Jobs Search App (Unofficial) ★6,https://github.com/rizalibnu/github-jobs-react-native
Minimal Quotes ★6,https://github.com/insiderdev/minimal-quotes
Hello Bemans ★5,https://github.com/rapportyou/HelloBemans
RNV2ex ★5,https://github.com/dyygtfx/RNV2ex
Renote ★4,https://github.com/mavajee/react-native-note-example
Manyverse,https://github.com/staltz/manyverse
Instagram clone,https://github.com/reindexio/reindex-examples/tree/master/react-native-gallery
Joplin,https://github.com/laurent22/joplin/tree/master/ReactNativeClient
Cat-or-dog,https://github.com/punksta/Cat-or-dog
Forex Rates,https://github.com/MicroPyramid/forex-rates-mobile-app
Smog Alert App,https://github.com/Bartozzz/smog-alert-app
Audio Book App,https://github.com/minhtc/sachnoiapp
FastBuy,https://github.com/Bruno-Furtado/fastbuy-app
Hydropuzzle,https://github.com/hydropuzzle/hydropuzzle
Github-Gist,https://github.com/Arjun-sna/react-native-githubgist-client
Lyrics King,https://github.com/SKempin/Lyrics-King-React-Native
TensorFlow.js Starter,https://github.com/t73liu/tfjs-starter
Art Museum,https://github.com/pedrobern/react-native-art-museums-app
NMF.earth ★14,https://github.com/NotMyFaultEarth/nmf-app
Nyxo ★12,https://github.com/hello-nyxo/nyxo-app
Post Card App ★1,https://github.com/adarsh0d/postcardApp
NativeBase ★10520,https://github.com/GeekyAnts/NativeBase
Teaset ★1575,https://github.com/rilyu/teaset
Awesome React Native Meteor ★152,https://github.com/meteor-factory/awesome-react-native-meteor
first-born ★106,https://github.com/99xt/first-born
OsmiCSX ★48,https://github.com/OsmiCSX/osmicsx
React Native Diagnose ★13,https://github.com/netbeast/react-native-diagnose
"Fully-immersive, hands-on, and fun learning experience for React Native ★825",https://github.com/jondot/ReactNativeKatas
React Native with Django backend ★12,https://github.com/shunpochang/connect_love_mobile_demo
awesome-react-native-talks ★312,https://github.com/mightyCrow/awesome-react-native-talks
Awesome React Native Education ★455,https://github.com/hsavit1/Awesome-React-Native-Education