Repo Name,URL
roma-marshall/web3-ton-dapp,https://github.com/roma-marshall/web3-ton-dapp
decentraland/decentraland-dapps,https://github.com/decentraland/decentraland-dapps
jk-labs-inc/jokerace,https://github.com/jk-labs-inc/jokerace
Arthurx952/CoinBase-Wallet-Python-API-Wallet-Storage-Web-Browser-Multi-Crypto-SDK,https://github.com/Arthurx952/CoinBase-Wallet-Python-API-Wallet-Storage-Web-Browser-Multi-Crypto-SDK
LIT-Protocol/js-sdk,https://github.com/LIT-Protocol/js-sdk
decentraland/marketplace-server,https://github.com/decentraland/marketplace-server
Meharab/DEX,https://github.com/Meharab/DEX
MunaMusayeva/Dapper,https://github.com/MunaMusayeva/Dapper
pseudoyu/social-dApp-demo-contracts,https://github.com/pseudoyu/social-dApp-demo-contracts
Ayushpremrocks/GetMood-dApp,https://github.com/Ayushpremrocks/GetMood-dApp
beksultanNurlybai/AI-Model-Marketplace-dApp,https://github.com/beksultanNurlybai/AI-Model-Marketplace-dApp
swing-xyz/examples,https://github.com/swing-xyz/examples
Shyam-12/token-faucet-dapp-starter,https://github.com/Shyam-12/token-faucet-dapp-starter
Concordium/concordium-dapp-examples,https://github.com/Concordium/concordium-dapp-examples
filecoin-project/filsnap,https://github.com/filecoin-project/filsnap
MetaMask/metamask-extension,https://github.com/MetaMask/metamask-extension
g0drlc/swap-dapp,https://github.com/g0drlc/swap-dapp
archethic-foundation/archethic-dapp-framework-flutter,https://github.com/archethic-foundation/archethic-dapp-framework-flutter
TomParkin1/Crowdfunder,https://github.com/TomParkin1/Crowdfunder
mytonwalletorg/mytonwallet,https://github.com/mytonwalletorg/mytonwallet
reown-com/web-examples,https://github.com/reown-com/web-examples
Boladovisck/Fullstack-course-Udemy,https://github.com/Boladovisck/Fullstack-course-Udemy
Tico4Chain-Coders/Trustless-Backend,https://github.com/Tico4Chain-Coders/Trustless-Backend
niallkh/kosh,https://github.com/niallkh/kosh
TheDestroyer-ai/Crowdfunding-dapp,https://github.com/TheDestroyer-ai/Crowdfunding-dapp
Superior212/Proposal-Dapp,https://github.com/Superior212/Proposal-Dapp
heyxyz/hey,https://github.com/heyxyz/hey
pragathees8027/auction-dapp,https://github.com/pragathees8027/auction-dapp
dipdup-io/dipdup,https://github.com/dipdup-io/dipdup
airalab/robonomics.app,https://github.com/airalab/robonomics.app
kaiachain/kaia-dapp-mono,https://github.com/kaiachain/kaia-dapp-mono
Tico4Chain-Coders/Trustless-Work,https://github.com/Tico4Chain-Coders/Trustless-Work
Soliu-Ahmad/Message-Dapp,https://github.com/Soliu-Ahmad/Message-Dapp
Angella-Mulikatete/proposalDapp,https://github.com/Angella-Mulikatete/proposalDapp
Digital-World-App/RWA,https://github.com/Digital-World-App/RWA
Custos-Diretriz/Custos-Dapp,https://github.com/Custos-Diretriz/Custos-Dapp
jumperexchange/jumper-exchange,https://github.com/jumperexchange/jumper-exchange
vaishali023/dapp-day5,https://github.com/vaishali023/dapp-day5
sanket-nit/sleeve,https://github.com/sanket-nit/sleeve
Vaka-Consulting/vaka-js,https://github.com/Vaka-Consulting/vaka-js
karanupd12/BlockTalkContracts,https://github.com/karanupd12/BlockTalkContracts
webb-tools/webb-dapp,https://github.com/webb-tools/webb-dapp
janhesters/french-house-stack,https://github.com/janhesters/french-house-stack
KlimaDAO/klimadao,https://github.com/KlimaDAO/klimadao
midcontract/contracts,https://github.com/midcontract/contracts
gnosisguild/zodiac-pilot,https://github.com/gnosisguild/zodiac-pilot
VenusProtocol/venus-protocol-interface,https://github.com/VenusProtocol/venus-protocol-interface
luloxi/PunkSociety,https://github.com/luloxi/PunkSociety
NSCINC/APOLLO,https://github.com/NSCINC/APOLLO
W3Community/Web3-Development-dApps-Telegram-bots-and-mini-apps-NFT-projects-crypto-exchanges-launchpads,https://github.com/W3Community/Web3-Development-dApps-Telegram-bots-and-mini-apps-NFT-projects-crypto-exchanges-launchpads
foundry-rs/starknet-foundry,https://github.com/foundry-rs/starknet-foundry
PiotrNap/bonfire-mobile-app,https://github.com/PiotrNap/bonfire-mobile-app
alexprimak24/lottery-dapp,https://github.com/alexprimak24/lottery-dapp
sorleuCode/Message-dApp,https://github.com/sorleuCode/Message-dApp
ovnstable/ovnstable-dapp-new,https://github.com/ovnstable/ovnstable-dapp-new
Kenny001-spec/Message-Dapp,https://github.com/Kenny001-spec/Message-Dapp
Dev-Adejare/Message_Dapp,https://github.com/Dev-Adejare/Message_Dapp
DevBigEazi/Message_Dapp,https://github.com/DevBigEazi/Message_Dapp
oasisprotocol/dapp-blockvote,https://github.com/oasisprotocol/dapp-blockvote
avg77/Voting-dApp,https://github.com/avg77/Voting-dApp
jaykeraliya0/Project-Byte-Bunch,https://github.com/jaykeraliya0/Project-Byte-Bunch
MujeebSulayman/Charity-dApp,https://github.com/MujeebSulayman/Charity-dApp
sparkle666/tapswap-dapp,https://github.com/sparkle666/tapswap-dapp
b2data/dapp,https://github.com/b2data/dapp
pirender/mainnet-block-dapps,https://github.com/pirender/mainnet-block-dapps
nau/scalus,https://github.com/nau/scalus
Giveth/giveth-dapps-v2,https://github.com/Giveth/giveth-dapps-v2
Swaylend/swaylend-monorepo,https://github.com/Swaylend/swaylend-monorepo
AstarNetwork/dapp-staking,https://github.com/AstarNetwork/dapp-staking
MoralisWeb3/docs,https://github.com/MoralisWeb3/docs
radixdlt/dapps-monorepo,https://github.com/radixdlt/dapps-monorepo
vechain/vechain-dapp-kit,https://github.com/vechain/vechain-dapp-kit
DapperPixelguy/DapperPixelguy.github.io,https://github.com/DapperPixelguy/DapperPixelguy.github.io
marsfoundation/spark-app,https://github.com/marsfoundation/spark-app
foundry-rs/foundry,https://github.com/foundry-rs/foundry
argentlabs/starknetkit-example-dapp,https://github.com/argentlabs/starknetkit-example-dapp
BelugaDex/Blockchain-Decentralized-Voting-Application,https://github.com/BelugaDex/Blockchain-Decentralized-Voting-Application
Tim-DeGraffenreid/Dapp,https://github.com/Tim-DeGraffenreid/Dapp
grassrootseconomics/sarafu.network,https://github.com/grassrootseconomics/sarafu.network
yatinlakkaraju123/Fiducia-Dapp,https://github.com/yatinlakkaraju123/Fiducia-Dapp
lifinance/widget,https://github.com/lifinance/widget
allinbits/govgen-governance-dapp,https://github.com/allinbits/govgen-governance-dapp
rango-exchange/rango-client,https://github.com/rango-exchange/rango-client
NK-Works/Kalp-Vote,https://github.com/NK-Works/Kalp-Vote
evmos/os,https://github.com/evmos/os
UMAprotocol/optimistic-oracle-dapp-v2,https://github.com/UMAprotocol/optimistic-oracle-dapp-v2
cybro-io/dapp,https://github.com/cybro-io/dapp
NonceGeek/bodhi-bodhi,https://github.com/NonceGeek/bodhi-bodhi
push-protocol/push-dapp,https://github.com/push-protocol/push-dapp
vardhin/secure-dapp-svelte,https://github.com/vardhin/secure-dapp-svelte
DamianFigiel/decentralized-API-gateway-rust,https://github.com/DamianFigiel/decentralized-API-gateway-rust
Dunsin-cyber/glint-fund,https://github.com/Dunsin-cyber/glint-fund
Signor1/Message-Dapp,https://github.com/Signor1/Message-Dapp
geordiegibson/saffron,https://github.com/geordiegibson/saffron
Mintbase/templates,https://github.com/Mintbase/templates
dfinity/nns-dapp,https://github.com/dfinity/nns-dapp
fuseio/console-dapp,https://github.com/fuseio/console-dapp
aruyaohi/xavincheLanding,https://github.com/aruyaohi/xavincheLanding
PochienTsai/WebApplication2022_Core6_3-6_Dapper,https://github.com/PochienTsai/WebApplication2022_Core6_3-6_Dapper
AdaskoTheBeAsT/AdaskoTheBeAsT.Identity.Dapper,https://github.com/AdaskoTheBeAsT/AdaskoTheBeAsT.Identity.Dapper
snehavarmak/HoroScopeNFT,https://github.com/snehavarmak/HoroScopeNFT
Blahdieblah/WHIRLPOOL,https://github.com/Blahdieblah/WHIRLPOOL
Blahdieblah/BURN-XTN,https://github.com/Blahdieblah/BURN-XTN
Almah200/Entreprenuers_Mentorship_Dapp,https://github.com/Almah200/Entreprenuers_Mentorship_Dapp
dashpay/platform,https://github.com/dashpay/platform
ShivankK26/Oasis-Router-Auction-DApp,https://github.com/ShivankK26/Oasis-Router-Auction-DApp
DistributedCollective/sovryn-dapp,https://github.com/DistributedCollective/sovryn-dapp
oguzhann123/DApp-pet-Shop,https://github.com/oguzhann123/DApp-pet-Shop
AElfProject/aelf-docs,https://github.com/AElfProject/aelf-docs
bWorksApp/paas,https://github.com/bWorksApp/paas
codnbro/blockchain_bro,https://github.com/codnbro/blockchain_bro
lukso-network/universalprofile-test-dapp,https://github.com/lukso-network/universalprofile-test-dapp
kubagdynia/DapperMappers,https://github.com/kubagdynia/DapperMappers
thales-markets/thales-io-dapp,https://github.com/thales-markets/thales-io-dapp
Consensys/linea-attestation-registry,https://github.com/Consensys/linea-attestation-registry
companieshouse/dapperdox.developer.ch.gov.uk,https://github.com/companieshouse/dapperdox.developer.ch.gov.uk
AdityasWorks/PollCraft,https://github.com/AdityasWorks/PollCraft
Itheum/data-dex,https://github.com/Itheum/data-dex
cody06412/evm-votting-dapp,https://github.com/cody06412/evm-votting-dapp
devcraft1/dapps,https://github.com/devcraft1/dapps
polkadot-api/polkadot-api,https://github.com/polkadot-api/polkadot-api
d-reader-organization/d-reader-backend,https://github.com/d-reader-organization/d-reader-backend
ckt22/frontend-landing,https://github.com/ckt22/frontend-landing
Adamsbite/Cosomo-Dapp,https://github.com/Adamsbite/Cosomo-Dapp
Itheum/explorer-dapp,https://github.com/Itheum/explorer-dapp
VampishWolf/todo-dapp,https://github.com/VampishWolf/todo-dapp
CyberNinjasLab/icp-tokens-dapp,https://github.com/CyberNinjasLab/icp-tokens-dapp
AlexScotte/SolanaButtonDapp,https://github.com/AlexScotte/SolanaButtonDapp
GlintFund/Glintfund-Tron,https://github.com/GlintFund/Glintfund-Tron
cody06412/Dapp,https://github.com/cody06412/Dapp
wevm/viem,https://github.com/wevm/viem
samuelysliu/dappDashboard,https://github.com/samuelysliu/dappDashboard
safemoonn/ogi-dapp3,https://github.com/safemoonn/ogi-dapp3
Web3Auth/web3auth-docs,https://github.com/Web3Auth/web3auth-docs
Shanjiv/fund_dapp,https://github.com/Shanjiv/fund_dapp
FIL-Builders/fil-frame,https://github.com/FIL-Builders/fil-frame
SacredDever/wc-dapp-test,https://github.com/SacredDever/wc-dapp-test
DERACHAIN/subquery,https://github.com/DERACHAIN/subquery
KyberNetwork/kyberswap-interface,https://github.com/KyberNetwork/kyberswap-interface
KaylaDefi/Solana-fun,https://github.com/KaylaDefi/Solana-fun
kai100392/callit-dapp-beta,https://github.com/kai100392/callit-dapp-beta
azeezabidoye/morph-token-dapp,https://github.com/azeezabidoye/morph-token-dapp
gopractitioner/dapp-counter,https://github.com/gopractitioner/dapp-counter
3XXD/netlify-alchemy-dapp-boilerplates,https://github.com/3XXD/netlify-alchemy-dapp-boilerplates
pkprajapati7402/Anonymous-Feedback-Blockchain,https://github.com/pkprajapati7402/Anonymous-Feedback-Blockchain
rainbow-me/rainbowkit,https://github.com/rainbow-me/rainbowkit
LuisMi1707/Dapper_Demo,https://github.com/LuisMi1707/Dapper_Demo
aquavest/frontend,https://github.com/aquavest/frontend
adhoomy/Web-Development-Bootcamp,https://github.com/adhoomy/Web-Development-Bootcamp
Essbante/identus-dapps-wg,https://github.com/Essbante/identus-dapps-wg
George10007/dapp-membership-system,https://github.com/George10007/dapp-membership-system
NextusOfficiel/netlify-alchemy-dapp-boilerplates,https://github.com/NextusOfficiel/netlify-alchemy-dapp-boilerplates
VijeshVS/cubedox,https://github.com/VijeshVS/cubedox
treasuryguild/treasury-dapp,https://github.com/treasuryguild/treasury-dapp
damzylance/bitgiftyxminipay,https://github.com/damzylance/bitgiftyxminipay
aspandyar/AI_Model_Marketplace_dApp,https://github.com/aspandyar/AI_Model_Marketplace_dApp
juanpradana/mini-DApp,https://github.com/juanpradana/mini-DApp
NibiruChain/nibiru,https://github.com/NibiruChain/nibiru
avasdao/nexajs,https://github.com/avasdao/nexajs
AliciaGuz/Dapper,https://github.com/AliciaGuz/Dapper
thanklet/mock-dapp-prototype,https://github.com/thanklet/mock-dapp-prototype
renegade-fi/renegade-frontend,https://github.com/renegade-fi/renegade-frontend
kayGweb/Capstone_Project,https://github.com/kayGweb/Capstone_Project
noweahc/insurance_dapp_backend,https://github.com/noweahc/insurance_dapp_backend
noweahc/insurance_dapp_front,https://github.com/noweahc/insurance_dapp_front
noweahc/insurance-dapp,https://github.com/noweahc/insurance-dapp
Properprogress1/EventManagement-dApp,https://github.com/Properprogress1/EventManagement-dApp
trannnvuuphatttt/Dapp,https://github.com/trannnvuuphatttt/Dapp
chidubesteve/DeDrive-3.0,https://github.com/chidubesteve/DeDrive-3.0
kkrishguptaa/study-web3,https://github.com/kkrishguptaa/study-web3
OliveiraEdu/OpenScience,https://github.com/OliveiraEdu/OpenScience
RootstockCollective/dao-frontend,https://github.com/RootstockCollective/dao-frontend
graphprotocol/graph-client,https://github.com/graphprotocol/graph-client
RubyQianru/dApp-Home-Page,https://github.com/RubyQianru/dApp-Home-Page
monmon-sitdown/voting-dapp,https://github.com/monmon-sitdown/voting-dapp
Anu9969/FungibleTokens-Dapp,https://github.com/Anu9969/FungibleTokens-Dapp
NomanALPHA007/Music_Dapp,https://github.com/NomanALPHA007/Music_Dapp
gnrpereira/CRUD_Dapper_WebApi8,https://github.com/gnrpereira/CRUD_Dapper_WebApi8
stabilitydao/stability-ui,https://github.com/stabilitydao/stability-ui
FirstFlush/tokenSupport-frontend,https://github.com/FirstFlush/tokenSupport-frontend
skullnbonesdao/dapp.skullnbones.xyz,https://github.com/skullnbonesdao/dapp.skullnbones.xyz
Agoric/dapp-agoric-basics,https://github.com/Agoric/dapp-agoric-basics
base-org/pos-dapp,https://github.com/base-org/pos-dapp
jemy8450/DapperDemo_Programacion2,https://github.com/jemy8450/DapperDemo_Programacion2
coinbase/coinbase-wallet-sdk,https://github.com/coinbase/coinbase-wallet-sdk
surajkunwarkcgi/Staking-DApp,https://github.com/surajkunwarkcgi/Staking-DApp
renegade-fi/renegade,https://github.com/renegade-fi/renegade
packaging03/AI_NFT_Minting_Dapp,https://github.com/packaging03/AI_NFT_Minting_Dapp
curltech/colla_chat,https://github.com/curltech/colla_chat
reservoirprotocol/reservoir-kit,https://github.com/reservoirprotocol/reservoir-kit
AjayiMike/cohort-xi-proposal-dapp,https://github.com/AjayiMike/cohort-xi-proposal-dapp
NSCINC/-phonex-AI-,https://github.com/NSCINC/-phonex-AI-
jbx-protocol/juice-interface,https://github.com/jbx-protocol/juice-interface
sammueloliveira/api_dapper,https://github.com/sammueloliveira/api_dapper
bleu/cow-hooks-dapps,https://github.com/bleu/cow-hooks-dapps
jellydn/dapp-starter,https://github.com/jellydn/dapp-starter
Cardano-Fans/crfa-offchain-data-registry,https://github.com/Cardano-Fans/crfa-offchain-data-registry
codebatine/Smart-Contract-For-Voting-With-React-Frontend,https://github.com/codebatine/Smart-Contract-For-Voting-With-React-Frontend
guru-web3/wallet-connect-dapp,https://github.com/guru-web3/wallet-connect-dapp
ojiehdavid5/Dapp,https://github.com/ojiehdavid5/Dapp
Gledwin/taxi-dapp,https://github.com/Gledwin/taxi-dapp
Weminal-labs/mint-nft-dapp-aptos,https://github.com/Weminal-labs/mint-nft-dapp-aptos
Ncookiez/dskit,https://github.com/Ncookiez/dskit
josueclement/DapperLab,https://github.com/josueclement/DapperLab
CryptoShare-xyz/PayFriends,https://github.com/CryptoShare-xyz/PayFriends
dddappp/AI-Assisted-AO-Dapp-Example,https://github.com/dddappp/AI-Assisted-AO-Dapp-Example
ton-connect/demo-dapp-with-react-ui,https://github.com/ton-connect/demo-dapp-with-react-ui
abhi8960git/Flash_loan_Dapp,https://github.com/abhi8960git/Flash_loan_Dapp
JoinColony/colonyCDapp,https://github.com/JoinColony/colonyCDapp
krnkiran22/mediCo-dapp,https://github.com/krnkiran22/mediCo-dapp
Amaan09/dappier-job-app-ui,https://github.com/Amaan09/dappier-job-app-ui
Akanimorex/telegram-mini-app-dApp,https://github.com/Akanimorex/telegram-mini-app-dApp
projectNEWM/cardano-dapp-wallet-connector,https://github.com/projectNEWM/cardano-dapp-wallet-connector
Meharab/DAO,https://github.com/Meharab/DAO
saeidha/message-board-dapp,https://github.com/saeidha/message-board-dapp
withrajatsharma/Calculator-dApp,https://github.com/withrajatsharma/Calculator-dApp
enviodev/hyperindex,https://github.com/enviodev/hyperindex
status-im/status-web,https://github.com/status-im/status-web
tonkeeper/tonkeeper-web,https://github.com/tonkeeper/tonkeeper-web
dappnode/DAppNodePackage-Hopr,https://github.com/dappnode/DAppNodePackage-Hopr
dragginzgame/mimic,https://github.com/dragginzgame/mimic
deltaparticle/primitive-rating-dapp,https://github.com/deltaparticle/primitive-rating-dapp
Web3-Builders-Alliance/user_profile_standard,https://github.com/Web3-Builders-Alliance/user_profile_standard
kkomelin/sui-dapp-kit-theme-creator,https://github.com/kkomelin/sui-dapp-kit-theme-creator
MujeebSulayman/Dapp-event-app,https://github.com/MujeebSulayman/Dapp-event-app
multiversx/mx-ping-pong-dapp-rs,https://github.com/multiversx/mx-ping-pong-dapp-rs
arkreen/AREC,https://github.com/arkreen/AREC
skymavis/tanto-kit,https://github.com/skymavis/tanto-kit
zerolend/app.zerolend.xyz,https://github.com/zerolend/app.zerolend.xyz
yuu-erp/web-dapp,https://github.com/yuu-erp/web-dapp
dikikarim2004/manexus-aptos-token-minting,https://github.com/dikikarim2004/manexus-aptos-token-minting
gear-foundation/dapps,https://github.com/gear-foundation/dapps
BalooSuperRareBears/srb-dapp,https://github.com/BalooSuperRareBears/srb-dapp
ayush-ranjan-official/Starknet-AI-Freelancing-DApp,https://github.com/ayush-ranjan-official/Starknet-AI-Freelancing-DApp
thales-markets/thales-speed-markets,https://github.com/thales-markets/thales-speed-markets
scaffold-eth/scaffold-eth-2,https://github.com/scaffold-eth/scaffold-eth-2
safemoonn/china-dapp5,https://github.com/safemoonn/china-dapp5
AbhishekSCCTech/exp3dapp,https://github.com/AbhishekSCCTech/exp3dapp
HarshilMinddeft/AlgoSteamDapptesting,https://github.com/HarshilMinddeft/AlgoSteamDapptesting
VeterinaryDAO/VetShare-ZKP-DApp,https://github.com/VeterinaryDAO/VetShare-ZKP-DApp
TalismanSociety/talisman-web,https://github.com/TalismanSociety/talisman-web
PhilippeR26/Starknet-Ledger-Wallet,https://github.com/PhilippeR26/Starknet-Ledger-Wallet
Quillhash/QuillAudit_Reports,https://github.com/Quillhash/QuillAudit_Reports
Krulknul/superblocks,https://github.com/Krulknul/superblocks
yii-meow/timelock-donation-chain,https://github.com/yii-meow/timelock-donation-chain
ihedbit/Zellular-ZApps,https://github.com/ihedbit/Zellular-ZApps
julianmrodri/web3-infura,https://github.com/julianmrodri/web3-infura
ProjectLibertyLabs/time-multisig-ui,https://github.com/ProjectLibertyLabs/time-multisig-ui
antitan/DapperSqlGenerator,https://github.com/antitan/DapperSqlGenerator
eonian-core/web,https://github.com/eonian-core/web
multiversx/mx-escrow-tutorial-dapp,https://github.com/multiversx/mx-escrow-tutorial-dapp
bohdan-mykhailenko/dApp_solana_clicker,https://github.com/bohdan-mykhailenko/dApp_solana_clicker
rashedkhalaf/netlify-alchemy-dapp-boilerplates,https://github.com/rashedkhalaf/netlify-alchemy-dapp-boilerplates
Hexaliit/CRUD-Dapper,https://github.com/Hexaliit/CRUD-Dapper
Baby-Bitcoin/bebe-dao,https://github.com/Baby-Bitcoin/bebe-dao
tonyblack97/RealEstate_Dapper_Api,https://github.com/tonyblack97/RealEstate_Dapper_Api
Ap00rvx/ecommerce-dapp,https://github.com/Ap00rvx/ecommerce-dapp
harshgondaliya319/arbitrum_capstone,https://github.com/harshgondaliya319/arbitrum_capstone
byteball/counterstake-bridge,https://github.com/byteball/counterstake-bridge
skundu42/circles-dapp,https://github.com/skundu42/circles-dapp
IceHugh/btc-connect,https://github.com/IceHugh/btc-connect
edayzn/RealEstate_Dapper_Api,https://github.com/edayzn/RealEstate_Dapper_Api
webtonic-technologies/iGuruERP_API_Dapper,https://github.com/webtonic-technologies/iGuruERP_API_Dapper
dappforce/polkaverse,https://github.com/dappforce/polkaverse
Mohammed-Amaan/Voting-DApp,https://github.com/Mohammed-Amaan/Voting-DApp
ranchimall/dappbundle,https://github.com/ranchimall/dappbundle
shreyashfr/Escrow-Dapp,https://github.com/shreyashfr/Escrow-Dapp
shreyashfr/Charity-Dapp,https://github.com/shreyashfr/Charity-Dapp
aman879/PLR-dapp,https://github.com/aman879/PLR-dapp
UmitBalikci/Dapper,https://github.com/UmitBalikci/Dapper
ubiquity/ubiquity-dollar,https://github.com/ubiquity/ubiquity-dollar
near/wallet-selector,https://github.com/near/wallet-selector
dm3-org/dm3,https://github.com/dm3-org/dm3
drips-network/app,https://github.com/drips-network/app
arunimshukla/Circuit-Breaker,https://github.com/arunimshukla/Circuit-Breaker
Carbonable/carbonable-dapp,https://github.com/Carbonable/carbonable-dapp
Blossom258/DappFL,https://github.com/Blossom258/DappFL
Agoric/dapp-inter,https://github.com/Agoric/dapp-inter
shardeum/shardeum,https://github.com/shardeum/shardeum
TxnLab/use-wallet,https://github.com/TxnLab/use-wallet
Cryptorubic/rubic-sdk,https://github.com/Cryptorubic/rubic-sdk
spartan-protocol/SpartanProtocol-DAppV2,https://github.com/spartan-protocol/SpartanProtocol-DAppV2
tr1sm0s1n/aureum-dao,https://github.com/tr1sm0s1n/aureum-dao
Raiden1411/zabi,https://github.com/Raiden1411/zabi
Accarie/pet-shop,https://github.com/Accarie/pet-shop
Dean8ix/ERC-1155_DApp,https://github.com/Dean8ix/ERC-1155_DApp
Web3Auth/Auth,https://github.com/Web3Auth/Auth
algorand-devrel/python-digital-marketplace-dapp,https://github.com/algorand-devrel/python-digital-marketplace-dapp
iamriajul/sasthyaseba-dapps,https://github.com/iamriajul/sasthyaseba-dapps
Seetoh15/DAPP-TEST-,https://github.com/Seetoh15/DAPP-TEST-
w3rkspacelabs/dappnodepackage-swarm,https://github.com/w3rkspacelabs/dappnodepackage-swarm
xeon-protocol/xeon-dapp,https://github.com/xeon-protocol/xeon-dapp
wetee-dao/DAPP,https://github.com/wetee-dao/DAPP
prabesh-tandukar/CrowdFunding_DAPP,https://github.com/prabesh-tandukar/CrowdFunding_DAPP
SecretDev124/Next-Staking-Dapp,https://github.com/SecretDev124/Next-Staking-Dapp
dappsar/dappsar,https://github.com/dappsar/dappsar
rafaelmazarao/estacionamento_dapper,https://github.com/rafaelmazarao/estacionamento_dapper
matijamarjanovic/VoteDApp,https://github.com/matijamarjanovic/VoteDApp
dalloglio/nft-certificate-dapp,https://github.com/dalloglio/nft-certificate-dapp
Amaan09/dappier-job-app-api,https://github.com/Amaan09/dappier-job-app-api
decentraland/builder,https://github.com/decentraland/builder
dmrdvn/Dappify,https://github.com/dmrdvn/Dappify
azmisahin-test/blockchain-extended-base,https://github.com/azmisahin-test/blockchain-extended-base
waqasraza123/nft-minting-dapp,https://github.com/waqasraza123/nft-minting-dapp
packaging03/my-lens-dapp,https://github.com/packaging03/my-lens-dapp
ykvider/netlify-alchemy-dapp-boilerplates,https://github.com/ykvider/netlify-alchemy-dapp-boilerplates
elifkoca2/RealEstateDapperApi,https://github.com/elifkoca2/RealEstateDapperApi
Harsh-Kumar3813/solana-todo-dapp,https://github.com/Harsh-Kumar3813/solana-todo-dapp
StrobeLabs/dAppMeUp,https://github.com/StrobeLabs/dAppMeUp
thecil/thecil-escrow-dapp,https://github.com/thecil/thecil-escrow-dapp
tosky19941209/solana_nft_explorer_dapp,https://github.com/tosky19941209/solana_nft_explorer_dapp
FCBtc1116/Blockchain-Projects-Overview,https://github.com/FCBtc1116/Blockchain-Projects-Overview
ggawryal/hyperlane-flipper,https://github.com/ggawryal/hyperlane-flipper
Ninjaklone/PizzaDApp,https://github.com/Ninjaklone/PizzaDApp
Agoric/dapp-orchestration-basics,https://github.com/Agoric/dapp-orchestration-basics
dgiacco/rising-oceans,https://github.com/dgiacco/rising-oceans
MadinaJumaly/AI-dApp,https://github.com/MadinaJumaly/AI-dApp
ranupthestairs/dapp-token-ico,https://github.com/ranupthestairs/dapp-token-ico
AbhishekTheCoder00/3DApplication,https://github.com/AbhishekTheCoder00/3DApplication
dantgw/Aptos_Token_Lock,https://github.com/dantgw/Aptos_Token_Lock
AbhishekTheCoder00/Main3dapp,https://github.com/AbhishekTheCoder00/Main3dapp
mewoles/netlify-alchemy-dapp-boilerplates,https://github.com/mewoles/netlify-alchemy-dapp-boilerplates
Himanshuroy1/new-dapp,https://github.com/Himanshuroy1/new-dapp
reserve-protocol/dgneth-interface,https://github.com/reserve-protocol/dgneth-interface
s7xdd/crowdfunding_dapp,https://github.com/s7xdd/crowdfunding_dapp
gaplin/DapperPlayground,https://github.com/gaplin/DapperPlayground
aptos-labs/create-aptos-dapp,https://github.com/aptos-labs/create-aptos-dapp
maestro-org/rust-sdk,https://github.com/maestro-org/rust-sdk
eth1711/Manifesty,https://github.com/eth1711/Manifesty
TERITORI/teritori-dapp,https://github.com/TERITORI/teritori-dapp
afrooz33/decentralized-freelancing,https://github.com/afrooz33/decentralized-freelancing
koyuncuoglum95/EtherCommerce-Dapp,https://github.com/koyuncuoglum95/EtherCommerce-Dapp
barkprotocol/blinks-as-a-service-dapp,https://github.com/barkprotocol/blinks-as-a-service-dapp
michojekunle/scroll-crowdfunding,https://github.com/michojekunle/scroll-crowdfunding
ysongh/Project-Prism-Showcase,https://github.com/ysongh/Project-Prism-Showcase
wevm/wagmi,https://github.com/wevm/wagmi
arman1454/Dapp-performance-analysis,https://github.com/arman1454/Dapp-performance-analysis
MathPSantos/dapp-ui,https://github.com/MathPSantos/dapp-ui
Favour-ag/lolgo-crowdfunding-dapp,https://github.com/Favour-ag/lolgo-crowdfunding-dapp
leevigh/save-wise,https://github.com/leevigh/save-wise
damediddy/carrotstick,https://github.com/damediddy/carrotstick
gboigwe/securehealth,https://github.com/gboigwe/securehealth
JesuscoinsIII/NFV-Network,https://github.com/JesuscoinsIII/NFV-Network
Vijan45/AgriMarket-Blockchain-Powered,https://github.com/Vijan45/AgriMarket-Blockchain-Powered
ShadowTrail/Calculator_DAPP,https://github.com/ShadowTrail/Calculator_DAPP
Supporters-DAO/Memecoin-Portal-DApp,https://github.com/Supporters-DAO/Memecoin-Portal-DApp
Rahullohar703/Fundraiser-Dapp,https://github.com/Rahullohar703/Fundraiser-Dapp
ChiefWoods/client-side-app,https://github.com/ChiefWoods/client-side-app
airalab/sensors.social,https://github.com/airalab/sensors.social
dappnode/DAppNodePackage-geth-generic,https://github.com/dappnode/DAppNodePackage-geth-generic
udodinho/dapp,https://github.com/udodinho/dapp
illuminati-professional/IC-Game-Dapp,https://github.com/illuminati-professional/IC-Game-Dapp
dappnode/DAppNodePackage-prysm-generic,https://github.com/dappnode/DAppNodePackage-prysm-generic
codifyin/AI-Model-dApp,https://github.com/codifyin/AI-Model-dApp
steffenskov/Dapper.DDD.Repository,https://github.com/steffenskov/Dapper.DDD.Repository
TenKeyLabs/dappwright-examples,https://github.com/TenKeyLabs/dappwright-examples
gilbruno/bitarena-contracts,https://github.com/gilbruno/bitarena-contracts
TenKeyLabs/dappwright,https://github.com/TenKeyLabs/dappwright
tombrain1011/Solana-dapps-rust,https://github.com/tombrain1011/Solana-dapps-rust
safemoonn/geofrey-dapp3,https://github.com/safemoonn/geofrey-dapp3
xtine-op/Dappr,https://github.com/xtine-op/Dappr
DapperBjorn/DapperBjorn,https://github.com/DapperBjorn/DapperBjorn
LedgerHQ/ledger-asset-dapps,https://github.com/LedgerHQ/ledger-asset-dapps
mybucks-online/app,https://github.com/mybucks-online/app
Bevor-Protocol/protocol-dapp,https://github.com/Bevor-Protocol/protocol-dapp
txpipe/balius,https://github.com/txpipe/balius
obah/eip-1193-dapp,https://github.com/obah/eip-1193-dapp
elimu-ai/web3-sponsors,https://github.com/elimu-ai/web3-sponsors
gradoally/ton_nft_dapp,https://github.com/gradoally/ton_nft_dapp
Almasmm/AI-Model-Marketplace-dApp,https://github.com/Almasmm/AI-Model-Marketplace-dApp
opstack-kit/web-docs,https://github.com/opstack-kit/web-docs
Shahid-Nawaz-Pahore/integrate_moonpay_with_dapp,https://github.com/Shahid-Nawaz-Pahore/integrate_moonpay_with_dapp
erdincdegirmenci/cryptoHub-dapp-metaWallet-nodeZk,https://github.com/erdincdegirmenci/cryptoHub-dapp-metaWallet-nodeZk
rishabhjha-1/crypto-dapp,https://github.com/rishabhjha-1/crypto-dapp
multiversx/mx-sdk-py-cli,https://github.com/multiversx/mx-sdk-py-cli
damon1205/web3-projects,https://github.com/damon1205/web3-projects
s-spoon/3364-drs.fun,https://github.com/s-spoon/3364-drs.fun
saddamhossain/DapperCrud,https://github.com/saddamhossain/DapperCrud
jup-ag/solana-wallets-universal,https://github.com/jup-ag/solana-wallets-universal
REChain-Network-Solutions/Solidity,https://github.com/REChain-Network-Solutions/Solidity
murathanje/ZK_Voting_DAPP,https://github.com/murathanje/ZK_Voting_DAPP
ceasermikes002/wallect-connect-dapp,https://github.com/ceasermikes002/wallect-connect-dapp
A-pppp/canbro-coffee-dapp,https://github.com/A-pppp/canbro-coffee-dapp
zkPassOfficial/Transgate-JS-SDK,https://github.com/zkPassOfficial/Transgate-JS-SDK
matprime/reactive-bridge-dapp,https://github.com/matprime/reactive-bridge-dapp
PhilippeR26/Cairo1JS,https://github.com/PhilippeR26/Cairo1JS
dikikarim2004/aptos-token-minting-dapp,https://github.com/dikikarim2004/aptos-token-minting-dapp
Tant97055/Dapp_solana,https://github.com/Tant97055/Dapp_solana
joshington/demo-starknet,https://github.com/joshington/demo-starknet
okE1y/Ton-dapp,https://github.com/okE1y/Ton-dapp
Tant97055/borrow-contracts,https://github.com/Tant97055/borrow-contracts
multiversx/mx-sdk-js-metamask-provider,https://github.com/multiversx/mx-sdk-js-metamask-provider
manovHacksaw/voting-dapp,https://github.com/manovHacksaw/voting-dapp
ant-design/ant-design-web3,https://github.com/ant-design/ant-design-web3
albertisaac12/dappunk,https://github.com/albertisaac12/dappunk
degenbuilder7/Ai-powered-crossfi-dapp-builder-suite,https://github.com/degenbuilder7/Ai-powered-crossfi-dapp-builder-suite
plynrider2/Dapp-Soro,https://github.com/plynrider2/Dapp-Soro
Know-Thyself/evote-dapp,https://github.com/Know-Thyself/evote-dapp
p1kalys/journal-dApp,https://github.com/p1kalys/journal-dApp
baindlapranayraj/Ecommerce-Psudo-Dapp,https://github.com/baindlapranayraj/Ecommerce-Psudo-Dapp
USSDlover/dapp-wallet,https://github.com/USSDlover/dapp-wallet
companyakis/web3,https://github.com/companyakis/web3
lnbglondoncoin/lnbg-dapp,https://github.com/lnbglondoncoin/lnbg-dapp
AishMishra001/Web3-Dapp,https://github.com/AishMishra001/Web3-Dapp
SIDHARTH20K4/Staking-dApp,https://github.com/SIDHARTH20K4/Staking-dApp
DashMoney/Name-Wallet-Frontend,https://github.com/DashMoney/Name-Wallet-Frontend
tomracanelli1/Dapp-project,https://github.com/tomracanelli1/Dapp-project
DecentroDev/polkadot-sufficient-assets,https://github.com/DecentroDev/polkadot-sufficient-assets
plynrider2/Dapp_solana,https://github.com/plynrider2/Dapp_solana
mingchee1026/sui-campaign-dapp,https://github.com/mingchee1026/sui-campaign-dapp
gonduran/DAPPMOB_001A,https://github.com/gonduran/DAPPMOB_001A
phnx47/dapper-repositories,https://github.com/phnx47/dapper-repositories
khizab/khizab,https://github.com/khizab/khizab
suidouble/vue-sui,https://github.com/suidouble/vue-sui
suidouble/suidouble,https://github.com/suidouble/suidouble
valora-inc/dapp-list,https://github.com/valora-inc/dapp-list
chidubemokeke/Social-App_The-Graph_NextJS,https://github.com/chidubemokeke/Social-App_The-Graph_NextJS
Raafat-Ashraf/CRUDWithDapper,https://github.com/Raafat-Ashraf/CRUDWithDapper
art-by-city/dapp,https://github.com/art-by-city/dapp
Ndhlovu1/Solidity-Language-Guide,https://github.com/Ndhlovu1/Solidity-Language-Guide
smartdropperofficial/dapp,https://github.com/smartdropperofficial/dapp
horuslabsio/Starknet-Scaffold,https://github.com/horuslabsio/Starknet-Scaffold
robo-advisor-lab/optimizer-dApp,https://github.com/robo-advisor-lab/optimizer-dApp
web3swift-team/web3swift,https://github.com/web3swift-team/web3swift
endresol/mal3d,https://github.com/endresol/mal3d
zzy4599/netlify-alchemy-dapp-boilerplates,https://github.com/zzy4599/netlify-alchemy-dapp-boilerplates
herasoftlabs/Dappify,https://github.com/herasoftlabs/Dappify
kapidioto/dappStore,https://github.com/kapidioto/dappStore
tythatgui/netlify-alchemy-dapp-boilerplates,https://github.com/tythatgui/netlify-alchemy-dapp-boilerplates
FirstFlush/tokenSupport-backend,https://github.com/FirstFlush/tokenSupport-backend
HyPolDev/VotingDApp_w3-2,https://github.com/HyPolDev/VotingDApp_w3-2
pandikumar0/Ethereum-Counter-DApp,https://github.com/pandikumar0/Ethereum-Counter-DApp
xian-network/dapp-utils,https://github.com/xian-network/dapp-utils
xian-network/dapp-starter-html-plain,https://github.com/xian-network/dapp-starter-html-plain
Harshkumar62367/dapp-type,https://github.com/Harshkumar62367/dapp-type
wwqhy/dapp,https://github.com/wwqhy/dapp
impersonator-eth/impersonator,https://github.com/impersonator-eth/impersonator
KartikeyPal/Voting_Dapp,https://github.com/KartikeyPal/Voting_Dapp
bze-alphateam/bze-dapp,https://github.com/bze-alphateam/bze-dapp
hiwepy/dapp-samples,https://github.com/hiwepy/dapp-samples
radixdlt/radixdlt-scrypto,https://github.com/radixdlt/radixdlt-scrypto
arka8038/solana-airdrop-dapp,https://github.com/arka8038/solana-airdrop-dapp
NanthuDev/react-dapp,https://github.com/NanthuDev/react-dapp
Saber1Y/BatchPay-Dapp,https://github.com/Saber1Y/BatchPay-Dapp
NitheeshSNB/Crowdfunding-Dapp,https://github.com/NitheeshSNB/Crowdfunding-Dapp
paltalabs/soroban-react,https://github.com/paltalabs/soroban-react
francisco-alonso/meilenazon,https://github.com/francisco-alonso/meilenazon
nucash-mining/S3XY-interchain-LP-farm,https://github.com/nucash-mining/S3XY-interchain-LP-farm
SAY-DAO/front-end-v2,https://github.com/SAY-DAO/front-end-v2
Alisha-Reddy/Lottery_dApp,https://github.com/Alisha-Reddy/Lottery_dApp
onsaurav/SqlQueryWithDynamicAndDapper,https://github.com/onsaurav/SqlQueryWithDynamicAndDapper
melvinfranco99/BaseDAppMelvin_JA,https://github.com/melvinfranco99/BaseDAppMelvin_JA
paycrest/zap,https://github.com/paycrest/zap
Safeheron38y/my-dapp-project,https://github.com/Safeheron38y/my-dapp-project
CourteousBin/UniswapV3CloneDapp,https://github.com/CourteousBin/UniswapV3CloneDapp
xiangnuans/leaseHub-solana-dapp,https://github.com/xiangnuans/leaseHub-solana-dapp
havemercy2007/ItemStorageDApp,https://github.com/havemercy2007/ItemStorageDApp
ChiHaoLu/kakarot-dapp,https://github.com/ChiHaoLu/kakarot-dapp
cre8tion/react-dapp,https://github.com/cre8tion/react-dapp
Harsh8089/Lab4A-auction-dapp,https://github.com/Harsh8089/Lab4A-auction-dapp
abdul-raz/VotingDapp,https://github.com/abdul-raz/VotingDapp
chloezxyy/scroll-dapp,https://github.com/chloezxyy/scroll-dapp
abalshakou/micro-payments-stellar,https://github.com/abalshakou/micro-payments-stellar
chetanck03/BootCamp_Blockchain,https://github.com/chetanck03/BootCamp_Blockchain
slyofzero/MonetaMortageDAppScript,https://github.com/slyofzero/MonetaMortageDAppScript
AndyOooh/tiny_dapp,https://github.com/AndyOooh/tiny_dapp
jericho1050/dapp_forum,https://github.com/jericho1050/dapp_forum
jychab/wild-fire-dapp,https://github.com/jychab/wild-fire-dapp
tkorkmazeth/solana-dapp-example,https://github.com/tkorkmazeth/solana-dapp-example
christosKontorias/The-Complete-2024-Web-Development-Bootcamp,https://github.com/christosKontorias/The-Complete-2024-Web-Development-Bootcamp
sushant-rumsan/reactive-bridge,https://github.com/sushant-rumsan/reactive-bridge
AhmadFarazWeb3Developer/Wallet-Dapp,https://github.com/AhmadFarazWeb3Developer/Wallet-Dapp
zktx-io/wormhole-kit-monorepo,https://github.com/zktx-io/wormhole-kit-monorepo
cw0618/Dapperen-Dothin-Software,https://github.com/cw0618/Dapperen-Dothin-Software
fuseio/airdrop-dapp,https://github.com/fuseio/airdrop-dapp
Olas06/web-dapp,https://github.com/Olas06/web-dapp
NeerajUpadhyay01/Lottery-DApp,https://github.com/NeerajUpadhyay01/Lottery-DApp
MdAyanHassan/my_dapp,https://github.com/MdAyanHassan/my_dapp
GeorgeLifinRell/D-Lottery,https://github.com/GeorgeLifinRell/D-Lottery
dapp-works/dapp-kit-template,https://github.com/dapp-works/dapp-kit-template
RawabyRahal/Blockify,https://github.com/RawabyRahal/Blockify
JLOrdaz/JLOrdaz.DapperDataMSSQL,https://github.com/JLOrdaz/JLOrdaz.DapperDataMSSQL
elizzzAb/DapperDemo,https://github.com/elizzzAb/DapperDemo
Honduras-Texiguat-Project/Web-Development-Bootcamp,https://github.com/Honduras-Texiguat-Project/Web-Development-Bootcamp
IamTalha-Sajid/zk-voting-dapp,https://github.com/IamTalha-Sajid/zk-voting-dapp
Ketema741/Carbon-FootPrint-Risk-Analysis-DApp-frontend,https://github.com/Ketema741/Carbon-FootPrint-Risk-Analysis-DApp-frontend
LandslideNetwork/slide-sdk,https://github.com/LandslideNetwork/slide-sdk
nance-eth/nance-interface,https://github.com/nance-eth/nance-interface
Superior212/quiz-dapp,https://github.com/Superior212/quiz-dapp
livinalt/dapp-connect,https://github.com/livinalt/dapp-connect
johnsoncaster/connectdappsolution,https://github.com/johnsoncaster/connectdappsolution
Vipul-045/WalletDApp,https://github.com/Vipul-045/WalletDApp
Ap00rvx/Flutter-Population-Dapp,https://github.com/Ap00rvx/Flutter-Population-Dapp
kumartushar0605/Blockchain-Project-2-Dappazon-,https://github.com/kumartushar0605/Blockchain-Project-2-Dappazon-
yashksaini-coder/SolShare-Social-Media-DApp,https://github.com/yashksaini-coder/SolShare-Social-Media-DApp
Sillmann/cryptytwitter-blockchain-luiztoolsweb23,https://github.com/Sillmann/cryptytwitter-blockchain-luiztoolsweb23
Vicky1w/ethereum-vuejs-dapp,https://github.com/Vicky1w/ethereum-vuejs-dapp
Vicky1w/NFT-Dapp,https://github.com/Vicky1w/NFT-Dapp
black-dev-x/dapper-dasher,https://github.com/black-dev-x/dapper-dasher
sandeep0009/Counter-Dapp,https://github.com/sandeep0009/Counter-Dapp
psychemist/quiz-dapp,https://github.com/psychemist/quiz-dapp
gamzeatik/RealEstate_Dapper_Api,https://github.com/gamzeatik/RealEstate_Dapper_Api
PedroSoaresDias/estacionamentoDapper,https://github.com/PedroSoaresDias/estacionamentoDapper
Adityalingwal/dapp,https://github.com/Adityalingwal/dapp
AidenTecheRoberts/DEX-JavaScript-Triangular-Arbitrage-Bot-V5-AidenTecheRoberts,https://github.com/AidenTecheRoberts/DEX-JavaScript-Triangular-Arbitrage-Bot-V5-AidenTecheRoberts
facaizhilu/my-dapp,https://github.com/facaizhilu/my-dapp
Hari-sh-code/assetTransferApp,https://github.com/Hari-sh-code/assetTransferApp
DapperBjorn/dapperbjorn-bot,https://github.com/DapperBjorn/dapperbjorn-bot
safemoonn/emeka-dapps2,https://github.com/safemoonn/emeka-dapps2
kkomelin/sui-dapp-starter,https://github.com/kkomelin/sui-dapp-starter
iamshreyashh/Voting_Dapp_Shreyash,https://github.com/iamshreyashh/Voting_Dapp_Shreyash
ken-001-mk/forum_dApp,https://github.com/ken-001-mk/forum_dApp
kkomelin/sui-dapp-starter.dev,https://github.com/kkomelin/sui-dapp-starter.dev
GustinCode/NFTActive,https://github.com/GustinCode/NFTActive
Olawalesegun/AjMkTask,https://github.com/Olawalesegun/AjMkTask
mdshad-123/ChaiDapp,https://github.com/mdshad-123/ChaiDapp
barkprotocol/blinks-web-dapp,https://github.com/barkprotocol/blinks-web-dapp
tanshuai/alphabiz,https://github.com/tanshuai/alphabiz
hexpectionn/netlify-alchemy-dapp-boilerplates,https://github.com/hexpectionn/netlify-alchemy-dapp-boilerplates
codeterrayt/Decentralized-Raffle-System,https://github.com/codeterrayt/Decentralized-Raffle-System
xexubonete/dapper-api,https://github.com/xexubonete/dapper-api
Ahsankhalid618/BlockchainCap,https://github.com/Ahsankhalid618/BlockchainCap
Mishragini/mobile-dapp,https://github.com/Mishragini/mobile-dapp
harshit2064/Metamask-ATM,https://github.com/harshit2064/Metamask-ATM
DappReader/DappReader-v2,https://github.com/DappReader/DappReader-v2
torquefi/torque_dapp,https://github.com/torquefi/torque_dapp
KayZhang52/cardano-voting-dapp,https://github.com/KayZhang52/cardano-voting-dapp
AlienFlowSpaceDAO/A,https://github.com/AlienFlowSpaceDAO/A
AsharibAli/create-edu-dapp,https://github.com/AsharibAli/create-edu-dapp
deadpool2794/multisig-dapp,https://github.com/deadpool2794/multisig-dapp
AmazingAng/WTF-Solidity,https://github.com/AmazingAng/WTF-Solidity
VishalPrem1994/Dappier-Interview-Agent,https://github.com/VishalPrem1994/Dappier-Interview-Agent
tonkeeper/android,https://github.com/tonkeeper/android
asilenced/Dex-Trading-Platform,https://github.com/asilenced/Dex-Trading-Platform
SOVEOS/roaming_eos_endpoints,https://github.com/SOVEOS/roaming_eos_endpoints
alcorexchange/alcor-ui,https://github.com/alcorexchange/alcor-ui
safemoonn/china-dapp4,https://github.com/safemoonn/china-dapp4
Dexaran/ERC223-token-standard,https://github.com/Dexaran/ERC223-token-standard
XDeFi-tech/examples-dapps-sdk,https://github.com/XDeFi-tech/examples-dapps-sdk
mbalves1/libaryManagementDapp,https://github.com/mbalves1/libaryManagementDapp
enkryptcom/enKrypt,https://github.com/enkryptcom/enKrypt
marbellymoreno/GUIAS-DAPPER,https://github.com/marbellymoreno/GUIAS-DAPPER
ReneMenjivar/Guias_Dapper_PROGRA-ll,https://github.com/ReneMenjivar/Guias_Dapper_PROGRA-ll
MobileWalletProtocol/wallet-mobile-sdk,https://github.com/MobileWalletProtocol/wallet-mobile-sdk
TheTezosCommunity/awesome-tezos,https://github.com/TheTezosCommunity/awesome-tezos
joaovic/dapp-jokenpo,https://github.com/joaovic/dapp-jokenpo
GeimeAlondra/Guias-Dapper,https://github.com/GeimeAlondra/Guias-Dapper
EmberAGI/ember-widget,https://github.com/EmberAGI/ember-widget
devshola/Mathematics-DApp,https://github.com/devshola/Mathematics-DApp
Ayushjhax/expo-solana-mobile-dapp,https://github.com/Ayushjhax/expo-solana-mobile-dapp
alchemyplatform/alchemy-sdk-js,https://github.com/alchemyplatform/alchemy-sdk-js
fool-proof-labs/shadow-token,https://github.com/fool-proof-labs/shadow-token
NoahEwell/Udemy-Web-Dev-Course,https://github.com/NoahEwell/Udemy-Web-Dev-Course
WalletConnect/create-wc-dapp,https://github.com/WalletConnect/create-wc-dapp
heitorGOD80/netlify-alchemy-dapp-boilerplates,https://github.com/heitorGOD80/netlify-alchemy-dapp-boilerplates
nuex001/DAPPCALC,https://github.com/nuex001/DAPPCALC
Caerlower/Melodica-dapp,https://github.com/Caerlower/Melodica-dapp
ChielokaCode/Tiny-moviez-ethereum-dApp,https://github.com/ChielokaCode/Tiny-moviez-ethereum-dApp
Tylix1/netlify-alchemy-dapp-boilerplates,https://github.com/Tylix1/netlify-alchemy-dapp-boilerplates
Kalmovic/Dapp_Custom_ERC20,https://github.com/Kalmovic/Dapp_Custom_ERC20
eaddaa/kittyverse-dapp,https://github.com/eaddaa/kittyverse-dapp
kataltarun/Dapp,https://github.com/kataltarun/Dapp
pedrotapia2416/dappAT3,https://github.com/pedrotapia2416/dappAT3
LuSicong22/scroll-dapp,https://github.com/LuSicong22/scroll-dapp
coderomm/Xolana,https://github.com/coderomm/Xolana
Meeds-io/deeds-dapp,https://github.com/Meeds-io/deeds-dapp
singnet/snet-dapp-components,https://github.com/singnet/snet-dapp-components
cgchimpx/netlify-alchemy-dapp-boilerplates,https://github.com/cgchimpx/netlify-alchemy-dapp-boilerplates
numdinkush/WEB3-Lottery_app,https://github.com/numdinkush/WEB3-Lottery_app
BootNodeDev/dAppBoosterLandingPage,https://github.com/BootNodeDev/dAppBoosterLandingPage
DePayFi/widgets,https://github.com/DePayFi/widgets
tudordaian/escrow-crowdfunding-dapp,https://github.com/tudordaian/escrow-crowdfunding-dapp
adapter-fi/dapp-frontend,https://github.com/adapter-fi/dapp-frontend
0xkriswebchain/Twitter-Dapp,https://github.com/0xkriswebchain/Twitter-Dapp
EfimovSergeiV/cw-dapp-5,https://github.com/EfimovSergeiV/cw-dapp-5
swpudp/Dapper.Extensions.Expression,https://github.com/swpudp/Dapper.Extensions.Expression
mediolano-app/mediolano-stark,https://github.com/mediolano-app/mediolano-stark
0xkriswebchain/music-streaming-dapp,https://github.com/0xkriswebchain/music-streaming-dapp
JasonTongg/IcoDapp,https://github.com/JasonTongg/IcoDapp
kekfm/dapp,https://github.com/kekfm/dapp
1eliedsonng1/netlify-alchemy-dapp-boilerplates,https://github.com/1eliedsonng1/netlify-alchemy-dapp-boilerplates
truedapp/TrueDapp-Blockchain,https://github.com/truedapp/TrueDapp-Blockchain
dimokrit/my-dapp,https://github.com/dimokrit/my-dapp
paraswap/paraswap-sdk,https://github.com/paraswap/paraswap-sdk
Trustpad-web/furfi-dapp,https://github.com/Trustpad-web/furfi-dapp
ironblocks/venn-dapp-sdk,https://github.com/ironblocks/venn-dapp-sdk
chirag-empiric/solana-dapp1,https://github.com/chirag-empiric/solana-dapp1
ayukndip40/Voting-Dapp,https://github.com/ayukndip40/Voting-Dapp
oni1997/taxi-cash-dapp,https://github.com/oni1997/taxi-cash-dapp
mlalma/tentofi,https://github.com/mlalma/tentofi
criptomirk/superDappStaking,https://github.com/criptomirk/superDappStaking
mlabs-haskell/TuxedoDapp,https://github.com/mlabs-haskell/TuxedoDapp
Raad05/bitfinityWallet-interaction,https://github.com/Raad05/bitfinityWallet-interaction
wubuku/Dapp-LCDP-Demo,https://github.com/wubuku/Dapp-LCDP-Demo
lvxia/bitverse-dapp-web,https://github.com/lvxia/bitverse-dapp-web
Sleepybunny123/netlify-alchemy-dapp-boilerplates,https://github.com/Sleepybunny123/netlify-alchemy-dapp-boilerplates
WTFAcademy/WTF-Dapp,https://github.com/WTFAcademy/WTF-Dapp
ganeshmohane/RoomRental-DApp,https://github.com/ganeshmohane/RoomRental-DApp
FastLane-Labs/atlas-module-forge-template,https://github.com/FastLane-Labs/atlas-module-forge-template
yebology/finuverse-dapp,https://github.com/yebology/finuverse-dapp
samatechtw/vue3-eth,https://github.com/samatechtw/vue3-eth
0xmetaschool/build-fine-art-tokenization-dApp-on-mantra,https://github.com/0xmetaschool/build-fine-art-tokenization-dApp-on-mantra
koko37/mybucks.online-app,https://github.com/koko37/mybucks.online-app
12zsp4/DappCar,https://github.com/12zsp4/DappCar
hnx8/DapperAid,https://github.com/hnx8/DapperAid
robertcoltheart/dapperling,https://github.com/robertcoltheart/dapperling
nipsalvin/Web-Development-Bootcamp,https://github.com/nipsalvin/Web-Development-Bootcamp
NotCentralised/notvault-sdk,https://github.com/NotCentralised/notvault-sdk
NotCentralised/notvault-evm,https://github.com/NotCentralised/notvault-evm
0xmetaschool/build-lending-dApp-on-mantra,https://github.com/0xmetaschool/build-lending-dApp-on-mantra
dappnode/DAppNodePackage-op-node,https://github.com/dappnode/DAppNodePackage-op-node
Dapp-Learning-DAO/Dapp-Learning,https://github.com/Dapp-Learning-DAO/Dapp-Learning
cruzdanilo/dappnode-reth,https://github.com/cruzdanilo/dappnode-reth
Partha02Bh/FundDapp,https://github.com/Partha02Bh/FundDapp
gurguven/nft-allfeat-dapp,https://github.com/gurguven/nft-allfeat-dapp
blocknative/web3-onboard,https://github.com/blocknative/web3-onboard
Lemoupa-Frank/Dapp_Code,https://github.com/Lemoupa-Frank/Dapp_Code
bilalabuaishah/netlify-alchemy-dapp-boilerplates,https://github.com/bilalabuaishah/netlify-alchemy-dapp-boilerplates
butchdc/ePrescription,https://github.com/butchdc/ePrescription
dcriggs/dapp_punks,https://github.com/dcriggs/dapp_punks
dProgrammingUniversity/drift-perpetual-markets-data-dapp,https://github.com/dProgrammingUniversity/drift-perpetual-markets-data-dapp
nikhil-tiwari/solana-dapp,https://github.com/nikhil-tiwari/solana-dapp
fahacious/mainnets-dapps,https://github.com/fahacious/mainnets-dapps
keep-pwr-strong/rust-dapps,https://github.com/keep-pwr-strong/rust-dapps
Anu9969/My-Calculator-Dapp,https://github.com/Anu9969/My-Calculator-Dapp
citizenweb3/validatorinfo,https://github.com/citizenweb3/validatorinfo
BootNodeDev/dAppBooster,https://github.com/BootNodeDev/dAppBooster
osyah/pletyvo,https://github.com/osyah/pletyvo
Kocabay/Asp.Net-RealEstate_Dapper_Api,https://github.com/Kocabay/Asp.Net-RealEstate_Dapper_Api
dipcatcher/maximus-team-dapp,https://github.com/dipcatcher/maximus-team-dapp
appslk/solana-minting-dapp,https://github.com/appslk/solana-minting-dapp
Norbu-1/Land-registration-system-Dapp,https://github.com/Norbu-1/Land-registration-system-Dapp
suyashmittal/RealEstateDapp,https://github.com/suyashmittal/RealEstateDapp
dh-edu-token-defi/sb-app,https://github.com/dh-edu-token-defi/sb-app
UMAprotocol/voter-dapp-v2,https://github.com/UMAprotocol/voter-dapp-v2
DhruvAgrawal1239/DApp,https://github.com/DhruvAgrawal1239/DApp
ronyevernaes/simple-erc20-wallet,https://github.com/ronyevernaes/simple-erc20-wallet
dappnode/DAppNodePackage-alephium,https://github.com/dappnode/DAppNodePackage-alephium
jaleco8/price-hunter-dapp,https://github.com/jaleco8/price-hunter-dapp
0xBlueshiftLabs/ERC20-Token-and-Sale,https://github.com/0xBlueshiftLabs/ERC20-Token-and-Sale
azeezabidoye/quote-dapp,https://github.com/azeezabidoye/quote-dapp
ayoniyi/TNI_ICO,https://github.com/ayoniyi/TNI_ICO
NoneOfEver/netlify-alchemy-dapp-boilerplates,https://github.com/NoneOfEver/netlify-alchemy-dapp-boilerplates
rolandeke/crud-solana-dapp,https://github.com/rolandeke/crud-solana-dapp
blockful-io/external-resolver-dapp,https://github.com/blockful-io/external-resolver-dapp
Rajnish17060/DApp-Project,https://github.com/Rajnish17060/DApp-Project
IvanBodnarash/buidl-n-borrow-dapp,https://github.com/IvanBodnarash/buidl-n-borrow-dapp
Othella/solarix-dapp,https://github.com/Othella/solarix-dapp
TetrisIQ/poddle,https://github.com/TetrisIQ/poddle
corvinsz/DapperKnockOffTest,https://github.com/corvinsz/DapperKnockOffTest
AmilaBandara1994/web3_dapp_buymecoffee,https://github.com/AmilaBandara1994/web3_dapp_buymecoffee
LexxXell/dash-dapp-ex,https://github.com/LexxXell/dash-dapp-ex
bahaabakri/blove-dapp,https://github.com/bahaabakri/blove-dapp
dappnode/DAppNode,https://github.com/dappnode/DAppNode
Chia-Network/walletconnect-rpcs-dapp,https://github.com/Chia-Network/walletconnect-rpcs-dapp
ayocodes/frontend-finalproject-dapp-main,https://github.com/ayocodes/frontend-finalproject-dapp-main
ravimishra007/Lending-Borrowing-Dapp-,https://github.com/ravimishra007/Lending-Borrowing-Dapp-
sygmaprotocol/sygma-sdk,https://github.com/sygmaprotocol/sygma-sdk
marician-net/dapp-airdrop,https://github.com/marician-net/dapp-airdrop
osarrouy/university-dapp,https://github.com/osarrouy/university-dapp
Jaswanth431/Giveback-dapp,https://github.com/Jaswanth431/Giveback-dapp
marciohdo/Smart_CO2,https://github.com/marciohdo/Smart_CO2
Anjodante/netlify-alchemy-dapp-boilerplates,https://github.com/Anjodante/netlify-alchemy-dapp-boilerplates
dappnode/DAppNodePackage-obol-generic,https://github.com/dappnode/DAppNodePackage-obol-generic
web3/create-web3js-dapp,https://github.com/web3/create-web3js-dapp
dappnode/DAppNodePackage-nimbus-generic,https://github.com/dappnode/DAppNodePackage-nimbus-generic
istvanelekes/dapp_punks,https://github.com/istvanelekes/dapp_punks
Gola-k/dominionDAO,https://github.com/Gola-k/dominionDAO
srdengi/RADSPLIT_landing,https://github.com/srdengi/RADSPLIT_landing
ali-mashayekhi/nextjs-dapper-fashion-ecomerce,https://github.com/ali-mashayekhi/nextjs-dapper-fashion-ecomerce
Davaious/EBC24,https://github.com/Davaious/EBC24
xrplevm/xchain-dapps-website,https://github.com/xrplevm/xchain-dapps-website
ritika-dhanda/Calculator---dapp,https://github.com/ritika-dhanda/Calculator---dapp
saberdao/dapp,https://github.com/saberdao/dapp
ZiYanYap/LotteryTimeLockDApp,https://github.com/ZiYanYap/LotteryTimeLockDApp
decentration/blinks-spec,https://github.com/decentration/blinks-spec
Jaswanth431/crowdfunding-dapp,https://github.com/Jaswanth431/crowdfunding-dapp
tonkeeper/ton-console,https://github.com/tonkeeper/ton-console
yuong1979/fork-my-journal-dapp,https://github.com/yuong1979/fork-my-journal-dapp
Phanurat/dapp-sm-chat.web3,https://github.com/Phanurat/dapp-sm-chat.web3
EYOSIYAS7/RE_Dapp,https://github.com/EYOSIYAS7/RE_Dapp
dappnode/DAppNodePackage-lodestar-generic,https://github.com/dappnode/DAppNodePackage-lodestar-generic
dappnode/DAppNodePackage-teku-generic,https://github.com/dappnode/DAppNodePackage-teku-generic
dappnode/DAppNodePackage-lighthouse-generic,https://github.com/dappnode/DAppNodePackage-lighthouse-generic
AnnaFomina1997/ton-dapp-test,https://github.com/AnnaFomina1997/ton-dapp-test
DAppCrypto/DAppCrypto.github.io,https://github.com/DAppCrypto/DAppCrypto.github.io
BrianSeong99/Polygon-PoS-Milestones_Tutorial,https://github.com/BrianSeong99/Polygon-PoS-Milestones_Tutorial
onflow/monster-maker,https://github.com/onflow/monster-maker
skalenetwork/skaled,https://github.com/skalenetwork/skaled
blaze00193/basic-starknet-staking-dapp,https://github.com/blaze00193/basic-starknet-staking-dapp
Aditya-PS-05/okto-social-media-dapp,https://github.com/Aditya-PS-05/okto-social-media-dapp
RabbyHub/Rabby,https://github.com/RabbyHub/Rabby
0xkriswebchain/battle-royal-card-game-dapp,https://github.com/0xkriswebchain/battle-royal-card-game-dapp
arcana-network/developer-dashboard,https://github.com/arcana-network/developer-dashboard
Dapp-Learning-DAO/Dapp-Learning-ZKsync,https://github.com/Dapp-Learning-DAO/Dapp-Learning-ZKsync
Jingyi012/IntanDapps,https://github.com/Jingyi012/IntanDapps
Nuxify/gomora-dapp,https://github.com/Nuxify/gomora-dapp
AbdalrahmanBashir/my-awesome-token-dapp,https://github.com/AbdalrahmanBashir/my-awesome-token-dapp
Dante9988/Crowdsale-ICO-DAPP,https://github.com/Dante9988/Crowdsale-ICO-DAPP
AsharibAli/create-edu-dapp-hardhat,https://github.com/AsharibAli/create-edu-dapp-hardhat
AsharibAli/create-edu-dapp-foundry,https://github.com/AsharibAli/create-edu-dapp-foundry
abdohomad/my-awesome-token-dapp,https://github.com/abdohomad/my-awesome-token-dapp
bamboodevs/my-twa,https://github.com/bamboodevs/my-twa
liuqiang1357/neo-dapp-starter,https://github.com/liuqiang1357/neo-dapp-starter
ManojPant2005/DapperWithSQL,https://github.com/ManojPant2005/DapperWithSQL
Tarycx/CS476myDApp,https://github.com/Tarycx/CS476myDApp
Herocoin816/Road_Map,https://github.com/Herocoin816/Road_Map
jemy8450/Dapper_Progra2,https://github.com/jemy8450/Dapper_Progra2
gabrcastro/WebApiDapper,https://github.com/gabrcastro/WebApiDapper
Ash20pk/lending-dApp-mantra,https://github.com/Ash20pk/lending-dApp-mantra
subquery/network-app,https://github.com/subquery/network-app
akinwunmi-akinrimisi/StakingDApp,https://github.com/akinwunmi-akinrimisi/StakingDApp
blaze00193/NFTMarketplace_Algorand,https://github.com/blaze00193/NFTMarketplace_Algorand
delguy/solidity_intensive-master,https://github.com/delguy/solidity_intensive-master
Brkm13/a,https://github.com/Brkm13/a
InNinoWeTrust/New-BWP-DAPP-main,https://github.com/InNinoWeTrust/New-BWP-DAPP-main
niyas/ecommerce-dapp,https://github.com/niyas/ecommerce-dapp
NTablang/dapp-me-up,https://github.com/NTablang/dapp-me-up
yinks002/VotingDapp,https://github.com/yinks002/VotingDapp
jellydn/nft-app,https://github.com/jellydn/nft-app
scnetter/dapp-crowdsale-ico,https://github.com/scnetter/dapp-crowdsale-ico
gongjuheon/Dapp,https://github.com/gongjuheon/Dapp
najeh012/DappAptos,https://github.com/najeh012/DappAptos
pguso/nft-artist-dapp,https://github.com/pguso/nft-artist-dapp
madezmedia/netlify-alchemy-dapp-boilerplates,https://github.com/madezmedia/netlify-alchemy-dapp-boilerplates
Jumcee/Task-marketplace,https://github.com/Jumcee/Task-marketplace
AnChainAI/anchain-axelar-dapper-flowbridge,https://github.com/AnChainAI/anchain-axelar-dapper-flowbridge
AbrarAhamed1998/DapperDasher,https://github.com/AbrarAhamed1998/DapperDasher
Netcode-Hub/DemoCRUDwithDapperUsingSqlServer,https://github.com/Netcode-Hub/DemoCRUDwithDapperUsingSqlServer
assert-equals/DappDriver,https://github.com/assert-equals/DappDriver
ravi-aman/healthcare-dapp,https://github.com/ravi-aman/healthcare-dapp
dominant-strategies/quai-next-dapp,https://github.com/dominant-strategies/quai-next-dapp
dfinity/ic-docutrack,https://github.com/dfinity/ic-docutrack
merkurluxury/RealEstate_Dapper_Api,https://github.com/merkurluxury/RealEstate_Dapper_Api
VinayakNPN/chat-dapp,https://github.com/VinayakNPN/chat-dapp
MNC145/netlify-alchemy-dapp-boilerplates,https://github.com/MNC145/netlify-alchemy-dapp-boilerplates
GoodDollar/GoodDAPP,https://github.com/GoodDollar/GoodDAPP
tr1sm0s1n/elysia-ethers-api,https://github.com/tr1sm0s1n/elysia-ethers-api
aliyev002/Dapper2,https://github.com/aliyev002/Dapper2
celo-org/celo-monorepo,https://github.com/celo-org/celo-monorepo
sdiazvil/charity-dapp,https://github.com/sdiazvil/charity-dapp
Appr0ximity/basic-dapp,https://github.com/Appr0ximity/basic-dapp
sriramcharanmarri/Oragan-Dapp,https://github.com/sriramcharanmarri/Oragan-Dapp
SujitMali/CF_Governance_DApp,https://github.com/SujitMali/CF_Governance_DApp
ShaunakGhosh-hub/2DApp,https://github.com/ShaunakGhosh-hub/2DApp
Frankencoin-ZCHF/frankencoin-dapp,https://github.com/Frankencoin-ZCHF/frankencoin-dapp
Slayx02/Code-Lesley-,https://github.com/Slayx02/Code-Lesley-
dappnode/DAppNodePackage-web3signer-generic,https://github.com/dappnode/DAppNodePackage-web3signer-generic
riplikash/DapperAutoData,https://github.com/riplikash/DapperAutoData
theCoderGirl247/Solidity-DAO-TB,https://github.com/theCoderGirl247/Solidity-DAO-TB
argentlabs/dappland,https://github.com/argentlabs/dappland
Etherna/etherna-dapp,https://github.com/Etherna/etherna-dapp
adipundir/simpleEthDapp,https://github.com/adipundir/simpleEthDapp
anishsingh90/Employee-Live-Work-Monitoring-System-dApps-,https://github.com/anishsingh90/Employee-Live-Work-Monitoring-System-dApps-
ElijahB7/SimpleVotingDApp,https://github.com/ElijahB7/SimpleVotingDApp
airgap-it/beacon-sdk,https://github.com/airgap-it/beacon-sdk
a-levitt/web3_dapp.dbank,https://github.com/a-levitt/web3_dapp.dbank
VENUS-git1/Yield-Farming-DApp,https://github.com/VENUS-git1/Yield-Farming-DApp
ykarmouta/sonala-todoDapp,https://github.com/ykarmouta/sonala-todoDapp
onyb/x,https://github.com/onyb/x
jyotirmaygithub/dapp-note-keeper,https://github.com/jyotirmaygithub/dapp-note-keeper
JoinColony/colonyJS,https://github.com/JoinColony/colonyJS
devMuratCengiz/RealEstateDapper,https://github.com/devMuratCengiz/RealEstateDapper
Shivam-kum-mhta/Decentralised_Voting_System,https://github.com/Shivam-kum-mhta/Decentralised_Voting_System
stakekit/fireblocks-dapp,https://github.com/stakekit/fireblocks-dapp
clint911/forum-dapp,https://github.com/clint911/forum-dapp
dappnode/DNP_DAPPMANAGER,https://github.com/dappnode/DNP_DAPPMANAGER
radixdlt/radix-dapp-toolkit,https://github.com/radixdlt/radix-dapp-toolkit
multiversx/mx-sdk-dapp-utils,https://github.com/multiversx/mx-sdk-dapp-utils
rathe-tech/klend-lite,https://github.com/rathe-tech/klend-lite
lovelaced/papi-template,https://github.com/lovelaced/papi-template
FormidablePencil/Restrict-network-data-usage-for-large-operations-dapp,https://github.com/FormidablePencil/Restrict-network-data-usage-for-large-operations-dapp
darkblood784/dApp,https://github.com/darkblood784/dApp
negahbanfard66/DapperEFHybridOrm,https://github.com/negahbanfard66/DapperEFHybridOrm
Agoric/dapp-econ-gov,https://github.com/Agoric/dapp-econ-gov
multiversx/mx-sdk-dapp,https://github.com/multiversx/mx-sdk-dapp
Mikearaya/bionic_event_dapp,https://github.com/Mikearaya/bionic_event_dapp
anandhuRaveendran/Spotify-Dapp,https://github.com/anandhuRaveendran/Spotify-Dapp
AMARNATHKV/Udemy-Dapp,https://github.com/AMARNATHKV/Udemy-Dapp
Matriz-Coop/Matriz-Code,https://github.com/Matriz-Coop/Matriz-Code
luoquanquan/dapp-demo,https://github.com/luoquanquan/dapp-demo
andrea-alexa/DapperDemo,https://github.com/andrea-alexa/DapperDemo
JosueCast/DapperDesde0,https://github.com/JosueCast/DapperDesde0
dideesh92/Instagram-clone-Dapp,https://github.com/dideesh92/Instagram-clone-Dapp
dideesh92/Certificate-DApp,https://github.com/dideesh92/Certificate-DApp
Manufg07/Zillow_Dapp,https://github.com/Manufg07/Zillow_Dapp
ickb/v1-interface,https://github.com/ickb/v1-interface
Tobi8068/speedball-dapp,https://github.com/Tobi8068/speedball-dapp
Tobi8068/Dapp-commune,https://github.com/Tobi8068/Dapp-commune
nandanaraju/Sustainable-Products-NFTs_DApp,https://github.com/nandanaraju/Sustainable-Products-NFTs_DApp
AshishS2407/Netflix-Clone-Dapp,https://github.com/AshishS2407/Netflix-Clone-Dapp
ajay26-10/Paypal-Clone-DApp,https://github.com/ajay26-10/Paypal-Clone-DApp
Tobi8068/resell-dapp,https://github.com/Tobi8068/resell-dapp
jiasenwqbr/dapp-tools,https://github.com/jiasenwqbr/dapp-tools
Roshan003/MyDApp,https://github.com/Roshan003/MyDApp
pengluday/Roulette-DApp-In-Web3,https://github.com/pengluday/Roulette-DApp-In-Web3
vaishali023/dapp-day4,https://github.com/vaishali023/dapp-day4
polkadot-js/extension,https://github.com/polkadot-js/extension
CydexCode/Voting-DApp,https://github.com/CydexCode/Voting-DApp
denizsulmaz/soundpool,https://github.com/denizsulmaz/soundpool
niyas/realestate-nft-dapp,https://github.com/niyas/realestate-nft-dapp
mehmetkilicer/DapperProject,https://github.com/mehmetkilicer/DapperProject
fairfabric/fairfab-dapp,https://github.com/fairfabric/fairfab-dapp
Skaltuch/Ether-Bank,https://github.com/Skaltuch/Ether-Bank
The-Wary-One/self-repaying-ens,https://github.com/The-Wary-One/self-repaying-ens
Terabithia1572/Asp.NetCore8.0_RealEstate_Dapper_API_Project,https://github.com/Terabithia1572/Asp.NetCore8.0_RealEstate_Dapper_API_Project
rexift/Lottery-dapp,https://github.com/rexift/Lottery-dapp
Seipex-Finance/tutorial-1-dragonswap-query-dapp,https://github.com/Seipex-Finance/tutorial-1-dragonswap-query-dapp
akshaj-22/Youtube-Clone-Dapp,https://github.com/akshaj-22/Youtube-Clone-Dapp
KarthiDreamr/MysticVault-Dapp-Simple-Storage,https://github.com/KarthiDreamr/MysticVault-Dapp-Simple-Storage
4rjunc/StakeStep,https://github.com/4rjunc/StakeStep
NekoLovesSushi/Dapp_Token,https://github.com/NekoLovesSushi/Dapp_Token
Neethu-Muthu/CertiLink-DApp,https://github.com/Neethu-Muthu/CertiLink-DApp
jitendragangwar123/Building-DeFi-DApp-On-Stellar,https://github.com/jitendragangwar123/Building-DeFi-DApp-On-Stellar
michojekunle/crowdfunding-dapp,https://github.com/michojekunle/crowdfunding-dapp
swarnilk29/fil-dapp,https://github.com/swarnilk29/fil-dapp
SantiagoWA/NFT-staking-dapp,https://github.com/SantiagoWA/NFT-staking-dapp
LuckyBitsOrg/genesis,https://github.com/LuckyBitsOrg/genesis
Haritha2498/LearningTrackerDapp,https://github.com/Haritha2498/LearningTrackerDapp
fahacious/mainnet-dapps,https://github.com/fahacious/mainnet-dapps
swarnilk29/filecoin-dapp,https://github.com/swarnilk29/filecoin-dapp
Abhishek9111/Web3-Faucet-dapp,https://github.com/Abhishek9111/Web3-Faucet-dapp
DanielBoye/SimpleDapp,https://github.com/DanielBoye/SimpleDapp
enochdev2/Staking-Dapp-With-ICO-Solidity,https://github.com/enochdev2/Staking-Dapp-With-ICO-Solidity
100JOBISRAEL/Dapp,https://github.com/100JOBISRAEL/Dapp
mishraji874/Airbnb-dApp,https://github.com/mishraji874/Airbnb-dApp
dappnode/DAppNodePackage-ssv-generic,https://github.com/dappnode/DAppNodePackage-ssv-generic
dappnode/DAppNodePackage-besu-generic,https://github.com/dappnode/DAppNodePackage-besu-generic
badd-labs/badd-labs,https://github.com/badd-labs/badd-labs
multiversx/mx-sdk-js-extension-provider,https://github.com/multiversx/mx-sdk-js-extension-provider
SerkiWeb/voteDapp,https://github.com/SerkiWeb/voteDapp
ferrumnet/foundry-contracts,https://github.com/ferrumnet/foundry-contracts
andreiflaviusivan/dapp-hardhat,https://github.com/andreiflaviusivan/dapp-hardhat
push-protocol/push-showrunners-framework,https://github.com/push-protocol/push-showrunners-framework
blckdfly/rock-paper-scissors,https://github.com/blckdfly/rock-paper-scissors
NSCINC/SEA-DAPPX-,https://github.com/NSCINC/SEA-DAPPX-
sherlock-protocol/sherlock-v2-frontend,https://github.com/sherlock-protocol/sherlock-v2-frontend
ZakariaBakhkhouch/dapper-demo,https://github.com/ZakariaBakhkhouch/dapper-demo
eduadiez/dappnode-timecapsule,https://github.com/eduadiez/dappnode-timecapsule
gnolang/dsocial,https://github.com/gnolang/dsocial
ADD1xD/netlify-alchemy-dapp-boilerplates,https://github.com/ADD1xD/netlify-alchemy-dapp-boilerplates
dappnode/DAppNodePackage-mev-boost-generic,https://github.com/dappnode/DAppNodePackage-mev-boost-generic
vechain/app-hub,https://github.com/vechain/app-hub
blckdfly/petition-dapp,https://github.com/blckdfly/petition-dapp
blckdfly/blockstay-dapp,https://github.com/blckdfly/blockstay-dapp
Bakhtimes/AI-Model-Marketplace-dApp,https://github.com/Bakhtimes/AI-Model-Marketplace-dApp
stereum-dev/ethereum-node,https://github.com/stereum-dev/ethereum-node
ChielokaCode/stellar_ecommerce_project,https://github.com/ChielokaCode/stellar_ecommerce_project
kbaegis/netlify-alchemy-dapp,https://github.com/kbaegis/netlify-alchemy-dapp
Consensys/linea-tutorials,https://github.com/Consensys/linea-tutorials
turboflakes/claimit,https://github.com/turboflakes/claimit
kasware-wallet/dapp-demo,https://github.com/kasware-wallet/dapp-demo
pepihasenfuss/ungravel-smartcontracts,https://github.com/pepihasenfuss/ungravel-smartcontracts
Maneesha-Raj/TrelloDapp,https://github.com/Maneesha-Raj/TrelloDapp
pushkarkumarvats/Dapp,https://github.com/pushkarkumarvats/Dapp
1999shaswat/first_dapp,https://github.com/1999shaswat/first_dapp
Bmalei/BioDapper,https://github.com/Bmalei/BioDapper
rollup-fortress/uncensored,https://github.com/rollup-fortress/uncensored
MingxiYe/solc-DApp,https://github.com/MingxiYe/solc-DApp
laiandrew2002/scroll-wallet-transfer,https://github.com/laiandrew2002/scroll-wallet-transfer
huahuahua1223/fleaMarket,https://github.com/huahuahua1223/fleaMarket
webtonic-technologies/iGuruPrep_API_Dapper,https://github.com/webtonic-technologies/iGuruPrep_API_Dapper
BraedenJKeating/TrafficDApp,https://github.com/BraedenJKeating/TrafficDApp
0xcrypto628/AVAX-GODS-Web3-NFT-Card-Game,https://github.com/0xcrypto628/AVAX-GODS-Web3-NFT-Card-Game
0xbrowser/stake-dapp,https://github.com/0xbrowser/stake-dapp
ecency/ecency-vision,https://github.com/ecency/ecency-vision
0xbrowser/zkgift,https://github.com/0xbrowser/zkgift
ZennyTweaks/netlify-alchemy-dapp-boilerplates,https://github.com/ZennyTweaks/netlify-alchemy-dapp-boilerplates
Pony-Unicorn/web3-framework,https://github.com/Pony-Unicorn/web3-framework
MASQ-Project/MASQ-web3-dapp-store,https://github.com/MASQ-Project/MASQ-web3-dapp-store
appliedaistudio/maxwellai-dapp,https://github.com/appliedaistudio/maxwellai-dapp
khalid-deriv/kryptolo,https://github.com/khalid-deriv/kryptolo
Jiang-Xia/JDapp,https://github.com/Jiang-Xia/JDapp
LeonidasVS/Guias_Dapper,https://github.com/LeonidasVS/Guias_Dapper
Anderson-11/Guias-DapperDemo,https://github.com/Anderson-11/Guias-DapperDemo
tripathiraj981/Dapp-Blog,https://github.com/tripathiraj981/Dapp-Blog
AstarNetwork/Astar,https://github.com/AstarNetwork/Astar
protofire/Cardano-Developer-Studio,https://github.com/protofire/Cardano-Developer-Studio
sam41306061/blockchain-capstone-project,https://github.com/sam41306061/blockchain-capstone-project
Web3-0-World/Resources-Tools,https://github.com/Web3-0-World/Resources-Tools
jimmychu0807/PSE-core-capstone,https://github.com/jimmychu0807/PSE-core-capstone
Vodka2134156/STAKING-DAPP,https://github.com/Vodka2134156/STAKING-DAPP
DappAstra/Web3SocialHub,https://github.com/DappAstra/Web3SocialHub
RBryan05/GuiasDapper,https://github.com/RBryan05/GuiasDapper
BinaryBard-0604/safe-smart-contract,https://github.com/BinaryBard-0604/safe-smart-contract
wendy97531234/DapperGuias,https://github.com/wendy97531234/DapperGuias
GabrielNogueiraBR/vehicle-system-dapp,https://github.com/GabrielNogueiraBR/vehicle-system-dapp
Newtonkamau14/Voting-Dapp,https://github.com/Newtonkamau14/Voting-Dapp
shalevgur1/dkeeper-icp-dapp,https://github.com/shalevgur1/dkeeper-icp-dapp
Ilf-Ali-Momin/SolidityExplorer,https://github.com/Ilf-Ali-Momin/SolidityExplorer
abhi8960git/Tron-Incident-Dapp,https://github.com/abhi8960git/Tron-Incident-Dapp
tangledpuzzle/sorobounty-dapp,https://github.com/tangledpuzzle/sorobounty-dapp
pubkey/eth-crypto,https://github.com/pubkey/eth-crypto
aesrubab/DapperTask,https://github.com/aesrubab/DapperTask
NatashaCamille/dapp_todolist,https://github.com/NatashaCamille/dapp_todolist
AliAliyev2004/Dapper,https://github.com/AliAliyev2004/Dapper
CrAnish07/Fund_dApp,https://github.com/CrAnish07/Fund_dApp
OsatoVicTory/voting-dApps,https://github.com/OsatoVicTory/voting-dApps
berfin-t/RealEstate_with_Dapper,https://github.com/berfin-t/RealEstate_with_Dapper
ImongeKombela/TaxiDapp,https://github.com/ImongeKombela/TaxiDapp
blockful-io/swaplace-dapp,https://github.com/blockful-io/swaplace-dapp
Adkirf/test-dapp,https://github.com/Adkirf/test-dapp
critesjosh/dapp-tutorial-55-1,https://github.com/critesjosh/dapp-tutorial-55-1
ranciaro/benchmarking-entity-dapper,https://github.com/ranciaro/benchmarking-entity-dapper
Anurag2618g/DANG-token,https://github.com/Anurag2618g/DANG-token
sarah18s/CRUD-Dapper,https://github.com/sarah18s/CRUD-Dapper
Salmandabbakuti/fluid-grants,https://github.com/Salmandabbakuti/fluid-grants
NSCINC/NSC--IAZX,https://github.com/NSCINC/NSC--IAZX
dappnode/DAppNodePackage-erigon-generic,https://github.com/dappnode/DAppNodePackage-erigon-generic
Meharab/ICO,https://github.com/Meharab/ICO
decentraland/governance,https://github.com/decentraland/governance
SabeloMkhwanzi/dex-dashboard-covalent-dapp,https://github.com/SabeloMkhwanzi/dex-dashboard-covalent-dapp
aresrpg/aresrpg-dapp,https://github.com/aresrpg/aresrpg-dapp
khushigoel/Dappr,https://github.com/khushigoel/Dappr
ivanojgarcia/dApp-x-2,https://github.com/ivanojgarcia/dApp-x-2
qubic/wallet-app-dapp,https://github.com/qubic/wallet-app-dapp
kzohan2000/Tweet-Investment-DApp-using-Web3,https://github.com/kzohan2000/Tweet-Investment-DApp-using-Web3
frens-pool/frens-dapp,https://github.com/frens-pool/frens-dapp
HarshilMinddeft/AlgoPracticeSampleDapp,https://github.com/HarshilMinddeft/AlgoPracticeSampleDapp
ramlokesh090/charity-Dapps,https://github.com/ramlokesh090/charity-Dapps
jaw3l/fundraiser,https://github.com/jaw3l/fundraiser
ramlokesh090/charity-dapp,https://github.com/ramlokesh090/charity-dapp
nabeo114/eth-math-quiz,https://github.com/nabeo114/eth-math-quiz
multiversx/mx-explorer-dapp,https://github.com/multiversx/mx-explorer-dapp
userharika17/Sharing-and-Rental-DAPP,https://github.com/userharika17/Sharing-and-Rental-DAPP
ahamedaathal/forum-dapp-quest,https://github.com/ahamedaathal/forum-dapp-quest
vicenteguedes/vicente-dapp,https://github.com/vicenteguedes/vicente-dapp
krishansinghal/Counter_Dapp,https://github.com/krishansinghal/Counter_Dapp
make-software/casper-wallet,https://github.com/make-software/casper-wallet
milyes/netlify-alchemy-dapp-boilerplates2,https://github.com/milyes/netlify-alchemy-dapp-boilerplates2
dappnode/DAppNodePackage-nethermind-generic,https://github.com/dappnode/DAppNodePackage-nethermind-generic
pinkskirts/medchain-backend,https://github.com/pinkskirts/medchain-backend
muhammaddayyan/dapp-yard-website,https://github.com/muhammaddayyan/dapp-yard-website
multiversx/mx-sdk-js-hw-provider,https://github.com/multiversx/mx-sdk-js-hw-provider
dheva13/dapplchecklist,https://github.com/dheva13/dapplchecklist
lifinance/sdk,https://github.com/lifinance/sdk
SabeloMkhwanzi/defilux,https://github.com/SabeloMkhwanzi/defilux
SabeloMkhwanzi/thirdbnb3,https://github.com/SabeloMkhwanzi/thirdbnb3
SabeloMkhwanzi/Multify,https://github.com/SabeloMkhwanzi/Multify
SabeloMkhwanzi/Login-with-Unstoppablen-Multify,https://github.com/SabeloMkhwanzi/Login-with-Unstoppablen-Multify
JVRaghavendra/KeyStoneEmployee_Dappar,https://github.com/JVRaghavendra/KeyStoneEmployee_Dappar
fluent-wallet/dapp-omnibus,https://github.com/fluent-wallet/dapp-omnibus
JadeSoanes/first_dApp_solidity,https://github.com/JadeSoanes/first_dApp_solidity
impersonator-eth/impersonator-extension,https://github.com/impersonator-eth/impersonator-extension
Nova-Ratio/Xion-dApp-Creator,https://github.com/Nova-Ratio/Xion-dApp-Creator
bojesav/bojes-dApp-Frontend,https://github.com/bojesav/bojes-dApp-Frontend
anishsingh90/Decentralised-CrowdFunding-Projects-dApps-,https://github.com/anishsingh90/Decentralised-CrowdFunding-Projects-dApps-
khushaligajera/BasicERC20Token,https://github.com/khushaligajera/BasicERC20Token
anushome09/Dapper,https://github.com/anushome09/Dapper
coolwallet-team/web-coolwallet-orderly,https://github.com/coolwallet-team/web-coolwallet-orderly
CoolBitX-Technology/web-coolwallet-orderly,https://github.com/CoolBitX-Technology/web-coolwallet-orderly
EdisonTKPcom/Counter_Dapp,https://github.com/EdisonTKPcom/Counter_Dapp
Pritam54039/Forum-dapp-using-arbitrum-pritam27122,https://github.com/Pritam54039/Forum-dapp-using-arbitrum-pritam27122
yaminisri-78/Natural-Disaster-Insurance,https://github.com/yaminisri-78/Natural-Disaster-Insurance
bybit-web3/tron-dapp-tester,https://github.com/bybit-web3/tron-dapp-tester
Ezeah/arbitirum-capstone,https://github.com/Ezeah/arbitirum-capstone
faisalali1234567/Decentralized-Application-DApp-Solidity-Ethereum-blockchain.-,https://github.com/faisalali1234567/Decentralized-Application-DApp-Solidity-Ethereum-blockchain.-
bojesav/Forum-dApp-Backend-,https://github.com/bojesav/Forum-dApp-Backend-
treasuryguild/treasury-guild-dapp,https://github.com/treasuryguild/treasury-guild-dapp
uttambodara/decentralized-social-media-using-blockchain,https://github.com/uttambodara/decentralized-social-media-using-blockchain
rairprotocol/rair-dapp,https://github.com/rairprotocol/rair-dapp
selendra/selendra,https://github.com/selendra/selendra
aistrategy/cryptOTC,https://github.com/aistrategy/cryptOTC
wileysdm/dapp_p2plending,https://github.com/wileysdm/dapp_p2plending
incredible1105/Presale-staking-dapp,https://github.com/incredible1105/Presale-staking-dapp
justinjireh/dapp_1,https://github.com/justinjireh/dapp_1
kaiiyer/loid-forger,https://github.com/kaiiyer/loid-forger
AllenAJ/RedBully,https://github.com/AllenAJ/RedBully
celo-org/celo-composer,https://github.com/celo-org/celo-composer
Haritha2498/Linkedin-_dapp,https://github.com/Haritha2498/Linkedin-_dapp
accidental-green/ValiDapp,https://github.com/accidental-green/ValiDapp
Zaheer-sol/Whitelist-dapp,https://github.com/Zaheer-sol/Whitelist-dapp
bioinfoDZ/scDAPP,https://github.com/bioinfoDZ/scDAPP
thatkidnextdoor/arbitrum-forum-dApp,https://github.com/thatkidnextdoor/arbitrum-forum-dApp
bigdaddytomkins/arbitrum-forum-dApp,https://github.com/bigdaddytomkins/arbitrum-forum-dApp
unusualtom/arbitrum-forum-dApp,https://github.com/unusualtom/arbitrum-forum-dApp
youwaymo/Dapp,https://github.com/youwaymo/Dapp
SkyPierIO/skypier-vpn,https://github.com/SkyPierIO/skypier-vpn
Yunusabdul38/Arbitrum-Test,https://github.com/Yunusabdul38/Arbitrum-Test
krish858/SolTip-Dapp,https://github.com/krish858/SolTip-Dapp
A-lakra/Dplace-App-ICP,https://github.com/A-lakra/Dplace-App-ICP
Anu9969/Calculator-Dapp,https://github.com/Anu9969/Calculator-Dapp
anishsingh90/Secure-and-Transparent-Transportation-System-dApps-,https://github.com/anishsingh90/Secure-and-Transparent-Transportation-System-dApps-
Skaltuch/Skaltuch_Swap_DApp,https://github.com/Skaltuch/Skaltuch_Swap_DApp
bruhDylan/netlify-alchemy-dapp-boilerplates,https://github.com/bruhDylan/netlify-alchemy-dapp-boilerplates
ishitaroy2/voting-dapp-main,https://github.com/ishitaroy2/voting-dapp-main
Godblessmylife/Moralis-dApps-web3-ThirdWebApi,https://github.com/Godblessmylife/Moralis-dApps-web3-ThirdWebApi
AffanImran1303/TipTank_dApp,https://github.com/AffanImran1303/TipTank_dApp
fahacious/dappsmainnets,https://github.com/fahacious/dappsmainnets
busenurdmb/Real_EstateDapper,https://github.com/busenurdmb/Real_EstateDapper
jaiwanth123/next.js-smartcontract-lottery-Dapp,https://github.com/jaiwanth123/next.js-smartcontract-lottery-Dapp
dmitryjum/intelli-casino-dapp,https://github.com/dmitryjum/intelli-casino-dapp
hasip-timurtas/NFT-DApp,https://github.com/hasip-timurtas/NFT-DApp
pritampatra27122/forum-dapp-using-arbitrum,https://github.com/pritampatra27122/forum-dapp-using-arbitrum
Srivatsan777/Ethereum-Wallet-Using-Blockchain-Technology,https://github.com/Srivatsan777/Ethereum-Wallet-Using-Blockchain-Technology
ParkSawp/parkswap_v1,https://github.com/ParkSawp/parkswap_v1
TestoFi/testofi-dapp,https://github.com/TestoFi/testofi-dapp
GillHapp/Borrowing-Lending-Defi,https://github.com/GillHapp/Borrowing-Lending-Defi
WillingDev0812/DApp,https://github.com/WillingDev0812/DApp
GillHapp/cross-chain-third,https://github.com/GillHapp/cross-chain-third
